"Year","Value","Sex","Area","Lat","Ocean","SST","SST_1","SST_2","Tbottom","Tbottom_1","Tbottom_2","Stock","Lon"
1928,70.7,"Females","ICES.3.a","57.61616491","Atlantic Ocean",9.20106588179866,9.61302380512158,9.81966747095188,NA,NA,NA,"North Stock","10.27422577"
2012,45.4,"Males","ICES.3.a.4.a","59.2603392891045","Atlantic Ocean",10.0093156869903,10.1779204476349,9.92944709443384,7.37185511375554,6.98323473333005,7.50940276159093,"North Stock","3.06411647089552"
2013,39.4,"Males","ICES.3.a.4.a","59.2603392891045","Atlantic Ocean",9.97361149335349,10.0093156869903,10.1779204476349,6.96152377031439,7.37185511375554,6.98323473333005,"North Stock","3.06411647089552"
2014,36.7,"Males","ICES.3.a.4.a","59.2603392891045","Atlantic Ocean",11.0829136392033,9.97361149335349,10.0093156869903,7.29187404338641,6.96152377031439,7.37185511375554,"North Stock","3.06411647089552"
2015,40,"Males","ICES.3.a.4.a","59.2603392891045","Atlantic Ocean",10.2721245802939,11.0829136392033,9.97361149335349,7.3469721212591,7.29187404338641,6.96152377031439,"North Stock","3.06411647089552"
2011,57.4,"Females","ICES.3.a.4.a","59.2603392891045","Atlantic Ocean",10.1779204476349,9.92944709443384,10.4994554529036,6.98323473333005,7.50940276159093,7.4655021310724,"North Stock","3.06411647089552"
2012,59.2,"Females","ICES.3.a.4.a","59.2603392891045","Atlantic Ocean",10.0093156869903,10.1779204476349,9.92944709443384,7.37185511375554,6.98323473333005,7.50940276159093,"North Stock","3.06411647089552"
2013,52.8,"Females","ICES.3.a.4.a","59.2603392891045","Atlantic Ocean",9.97361149335349,10.0093156869903,10.1779204476349,6.96152377031439,7.37185511375554,6.98323473333005,"North Stock","3.06411647089552"
2014,50.4,"Females","ICES.3.a.4.a","59.2603392891045","Atlantic Ocean",11.0829136392033,9.97361149335349,10.0093156869903,7.29187404338641,6.96152377031439,7.37185511375554,"North Stock","3.06411647089552"
2015,56,"Females","ICES.3.a.4.a","59.2603392891045","Atlantic Ocean",10.2721245802939,11.0829136392033,9.97361149335349,7.3469721212591,7.29187404338641,6.96152377031439,"North Stock","3.06411647089552"
1994,44.9,"Combined","ICES.6.7","53.719249831712","Atlantic Ocean",12.1249130732128,12.1358406597598,12.1496033976663,9.41590852930811,9.55561762955808,9.66354225637361,"North Stock","-10.29893725875"
1983,38.4,"Males","ICES.6.7.8","51.1223380116883","Atlantic Ocean",13.1436573424806,13.1737442860464,13.0580392577013,9.75626363355839,9.85711621003553,9.80517358751986,"North Stock","-10.0577172825232"
1987,33.1,"Males","ICES.6.7.8","51.1223380116883","Atlantic Ocean",13.0734554301936,12.562526054432,13.0079628179776,9.84910613745646,9.74208577546688,9.92029337017364,"North Stock","-10.0577172825232"
1983,50.4,"Females","ICES.6.7.8","51.1223380116883","Atlantic Ocean",13.1436573424806,13.1737442860464,13.0580392577013,9.75626363355839,9.85711621003553,9.80517358751986,"North Stock","-10.0577172825232"
1987,59.2,"Females","ICES.6.7.8","51.1223380116883","Atlantic Ocean",13.0734554301936,12.562526054432,13.0079628179776,9.84910613745646,9.74208577546688,9.92029337017364,"North Stock","-10.0577172825232"
1983,43.3,"Combined","ICES.6.7.8","51.1223380116883","Atlantic Ocean",13.1436573424806,13.1737442860464,13.0580392577013,9.75626363355839,9.85711621003553,9.80517358751986,"North Stock","-10.0577172825232"
1987,40,"Combined","ICES.6.7.8","51.1223380116883","Atlantic Ocean",13.0734554301936,12.562526054432,13.0079628179776,9.84910613745646,9.74208577546688,9.92029337017364,"North Stock","-10.0577172825232"
1928,28.5,"Males","ICES.7","51.1320826864679","Atlantic Ocean",12.6477054541507,12.5443283119411,12.8997479545613,NA,NA,NA,"North Stock","-9.48630766022935"
1928,71.4,"Females","ICES.7.a","53.45815886","Atlantic Ocean",11.3370778428184,11.2709581851959,11.5995128750801,NA,NA,NA,"North Stock","-4.91647375"
1927,82.2,"Females","ICES.7.a","53.45815886","Atlantic Ocean",11.2709581851959,11.5995128750801,11.2081979579396,NA,NA,NA,"North Stock","-4.91647375"
1927,79.9,"Females","ICES.7.a","53.45815886","Atlantic Ocean",11.2709581851959,11.5995128750801,11.2081979579396,NA,NA,NA,"North Stock","-4.91647375"
1926,81.2,"Females","ICES.7.a","53.45815886","Atlantic Ocean",11.5995128750801,11.2081979579396,10.956017891566,NA,NA,NA,"North Stock","-4.91647375"
1926,83.2,"Females","ICES.7.a","53.45815886","Atlantic Ocean",11.5995128750801,11.2081979579396,10.956017891566,NA,NA,NA,"North Stock","-4.91647375"
1927,80.2,"Females","ICES.7.a","53.45815886","Atlantic Ocean",11.2709581851959,11.5995128750801,11.2081979579396,NA,NA,NA,"North Stock","-4.91647375"
1928,75.1,"Females","ICES.7.a","53.45815886","Atlantic Ocean",11.3370778428184,11.2709581851959,11.5995128750801,NA,NA,NA,"North Stock","-4.91647375"
1927,81,"Females","ICES.7.a","53.45815886","Atlantic Ocean",11.2709581851959,11.5995128750801,11.2081979579396,NA,NA,NA,"North Stock","-4.91647375"
2003,26.5,"Males","ICES.7.b.c.k.j.g","51.2507943609023","Atlantic Ocean",13.1732176973454,12.9813008359879,13.1499560048214,10.3232355760519,10.2481162975821,9.83749368059638,"North Stock","-12.8432827869173"
2003,49.8,"Females","ICES.7.b.c.k.j.g","51.2507943609023","Atlantic Ocean",13.1732176973454,12.9813008359879,13.1499560048214,10.3232355760519,10.2481162975821,9.83749368059638,"North Stock","-12.8432827869173"
1926,78.9,"Females","ICES.7.j","50.0651222085185","Atlantic Ocean",13.3273205473309,12.6832660152799,12.6143045936312,NA,NA,NA,"North Stock","-10.5765052322222"
1928,75.7,"Females","ICES.7.j","50.0651222085185","Atlantic Ocean",12.9805491708574,12.8923778193338,13.3273205473309,NA,NA,NA,"North Stock","-10.5765052322222"
1928,72.1,"Females","ICES.7.j","50.0651222085185","Atlantic Ocean",12.9805491708574,12.8923778193338,13.3273205473309,NA,NA,NA,"North Stock","-10.5765052322222"
1926,79.5,"Females","ICES.7.j","50.0651222085185","Atlantic Ocean",13.3273205473309,12.6832660152799,12.6143045936312,NA,NA,NA,"North Stock","-10.5765052322222"
1926,80,"Females","ICES.7.j","50.0651222085185","Atlantic Ocean",13.3273205473309,12.6832660152799,12.6143045936312,NA,NA,NA,"North Stock","-10.5765052322222"
1926,80.5,"Females","ICES.7.j","50.0651222085185","Atlantic Ocean",13.3273205473309,12.6832660152799,12.6143045936312,NA,NA,NA,"North Stock","-10.5765052322222"
1926,81,"Females","ICES.7.j","50.0651222085185","Atlantic Ocean",13.3273205473309,12.6832660152799,12.6143045936312,NA,NA,NA,"North Stock","-10.5765052322222"
1926,81.5,"Females","ICES.7.j","50.0651222085185","Atlantic Ocean",13.3273205473309,12.6832660152799,12.6143045936312,NA,NA,NA,"North Stock","-10.5765052322222"
1926,70.5,"Females","ICES.7.j","50.0651222085185","Atlantic Ocean",13.3273205473309,12.6832660152799,12.6143045936312,NA,NA,NA,"North Stock","-10.5765052322222"
1926,85,"Females","ICES.7.j","50.0651222085185","Atlantic Ocean",13.3273205473309,12.6832660152799,12.6143045936312,NA,NA,NA,"North Stock","-10.5765052322222"
1925,85,"Females","ICES.7.j","50.0651222085185","Atlantic Ocean",12.6832660152799,12.6143045936312,12.4921810967582,NA,NA,NA,"North Stock","-10.5765052322222"
1983,38.4,"Males","ICES.7.8.a","50.8042211463291","Atlantic Ocean",13.0064917060784,13.0110646700312,12.8954581010173,9.77175472144528,9.86634996585706,9.82157665467853,"North Stock","-9.06560655607594"
1987,33.15,"Males","ICES.7.8.a","50.8042211463291","Atlantic Ocean",12.8551420881319,12.2955846194763,12.7863387322195,9.87152406946108,9.70789279165617,9.949832633769,"North Stock","-9.06560655607594"
1983,50.4,"Females","ICES.7.8.a","50.8042211463291","Atlantic Ocean",13.0064917060784,13.0110646700312,12.8954581010173,9.77175472144528,9.86634996585706,9.82157665467853,"North Stock","-9.06560655607594"
1987,59.18,"Females","ICES.7.8.a","50.8042211463291","Atlantic Ocean",12.8551420881319,12.2955846194763,12.7863387322195,9.87152406946108,9.70789279165617,9.949832633769,"North Stock","-9.06560655607594"
1983,43.3,"Combined","ICES.7.8.a","50.8042211463291","Atlantic Ocean",13.0064917060784,13.0110646700312,12.8954581010173,9.77175472144528,9.86634996585706,9.82157665467853,"North Stock","-9.06560655607594"
1987,39.98,"Combined","ICES.7.8.a","50.8042211463291","Atlantic Ocean",12.8551420881319,12.2955846194763,12.7863387322195,9.87152406946108,9.70789279165617,9.949832633769,"North Stock","-9.06560655607594"
1987,37.7,"Males","ICES.8","45.5336622820468","Atlantic Ocean",14.9770080738597,14.4977364079452,14.9309198993224,10.5693595679625,10.5391810348346,10.6685308741908,"South Stock","-9.53860060853802"
1965,36,"Males","ICES.8","45.5336622820468","Atlantic Ocean",14.684966338711,15.0952566913617,14.5319788029164,11.0669287735862,11.2224290188816,11.0315809551449,"South Stock","-9.53860060853802"
1965,37,"Males","ICES.8","45.5336622820468","Atlantic Ocean",14.684966338711,15.0952566913617,14.5319788029164,11.0669287735862,11.2224290188816,11.0315809551449,"South Stock","-9.53860060853802"
1987,50.5,"Females","ICES.8","45.5336622820468","Atlantic Ocean",14.9770080738597,14.4977364079452,14.9309198993224,10.5693595679625,10.5391810348346,10.6685308741908,"South Stock","-9.53860060853802"
1965,54,"Females","ICES.8","45.5336622820468","Atlantic Ocean",14.684966338711,15.0952566913617,14.5319788029164,11.0669287735862,11.2224290188816,11.0315809551449,"South Stock","-9.53860060853802"
1965,57,"Females","ICES.8","45.5336622820468","Atlantic Ocean",14.684966338711,15.0952566913617,14.5319788029164,11.0669287735862,11.2224290188816,11.0315809551449,"South Stock","-9.53860060853802"
1987,41.4,"Combined","ICES.8","45.5336622820468","Atlantic Ocean",14.9770080738597,14.4977364079452,14.9309198993224,10.5693595679625,10.5391810348346,10.6685308741908,"South Stock","-9.53860060853802"
1988,34.9,"Males","ICES.8.a","47.04244137","Atlantic Ocean",14.2791587335092,14.1841139440183,13.7103105032886,10.545674075683,10.5086784611146,10.4415953258673,"South Stock","-4.23861494"
1988,48.4,"Females","ICES.8.a","47.04244137","Atlantic Ocean",14.2791587335092,14.1841139440183,13.7103105032886,10.545674075683,10.5086784611146,10.4415953258673,"South Stock","-4.23861494"
1986,40,"Males","ICES.8.a.b","46.25103973625","Atlantic Ocean",14.4977364079452,14.9309198993224,14.7542116076858,10.5391810348346,10.6685308741908,10.6029392415805,"South Stock","-3.39982517"
1986,57,"Females","ICES.8.a.b","46.25103973625","Atlantic Ocean",14.4977364079452,14.9309198993224,14.7542116076858,10.5391810348346,10.6685308741908,10.6029392415805,"South Stock","-3.39982517"
1988,37.7,"Males","ICES.8.a.b.c","45.2290943082759","Atlantic Ocean",15.1190711139161,14.9906065381603,14.5517383793254,10.6994340033443,10.652057532359,10.6549265020423,"South Stock","-4.90746461275862"
1988,50.5,"Females","ICES.8.a.b.c","45.2290943082759","Atlantic Ocean",15.1190711139161,14.9906065381603,14.5517383793254,10.6994340033443,10.652057532359,10.6549265020423,"South Stock","-4.90746461275862"
1988,41.4,"Combined","ICES.8.a.b.c","45.2290943082759","Atlantic Ocean",15.1190711139161,14.9906065381603,14.5517383793254,10.6994340033443,10.652057532359,10.6549265020423,"South Stock","-4.90746461275862"
1987,37.7,"Males","ICES.8.a.b.c","45.2290943082759","Atlantic Ocean",14.9906065381603,14.5517383793254,14.9650924653183,10.652057532359,10.6549265020423,10.7411280528263,"South Stock","-4.90746461275862"
1988,37,"Males","ICES.8.a.b.c","45.2290943082759","Atlantic Ocean",15.1190711139161,14.9906065381603,14.5517383793254,10.6994340033443,10.652057532359,10.6549265020423,"South Stock","-4.90746461275862"
1988,39.2,"Males","ICES.8.a.b.c","45.2290943082759","Atlantic Ocean",15.1190711139161,14.9906065381603,14.5517383793254,10.6994340033443,10.652057532359,10.6549265020423,"South Stock","-4.90746461275862"
1988,45,"Males","ICES.8.a.b.c","45.2290943082759","Atlantic Ocean",15.1190711139161,14.9906065381603,14.5517383793254,10.6994340033443,10.652057532359,10.6549265020423,"South Stock","-4.90746461275862"
1988,41.6,"Males","ICES.8.a.b.c","45.2290943082759","Atlantic Ocean",15.1190711139161,14.9906065381603,14.5517383793254,10.6994340033443,10.652057532359,10.6549265020423,"South Stock","-4.90746461275862"
1987,50.5,"Females","ICES.8.a.b.c","45.2290943082759","Atlantic Ocean",14.9906065381603,14.5517383793254,14.9650924653183,10.652057532359,10.6549265020423,10.7411280528263,"South Stock","-4.90746461275862"
1988,48.2,"Females","ICES.8.a.b.c","45.2290943082759","Atlantic Ocean",15.1190711139161,14.9906065381603,14.5517383793254,10.6994340033443,10.652057532359,10.6549265020423,"South Stock","-4.90746461275862"
1988,53.6,"Females","ICES.8.a.b.c","45.2290943082759","Atlantic Ocean",15.1190711139161,14.9906065381603,14.5517383793254,10.6994340033443,10.652057532359,10.6549265020423,"South Stock","-4.90746461275862"
1988,59.5,"Females","ICES.8.a.b.c","45.2290943082759","Atlantic Ocean",15.1190711139161,14.9906065381603,14.5517383793254,10.6994340033443,10.652057532359,10.6549265020423,"South Stock","-4.90746461275862"
1988,56.3,"Females","ICES.8.a.b.c","45.2290943082759","Atlantic Ocean",15.1190711139161,14.9906065381603,14.5517383793254,10.6994340033443,10.652057532359,10.6549265020423,"South Stock","-4.90746461275862"
1987,56.5,"Females","ICES.8.a.b.d","46.1199486706667","Atlantic Ocean",14.7975488539095,14.3406187485275,14.7637600710363,10.5193912195308,10.4728414894096,10.6260597079835,"South Stock","-5.86857176093333"
1988,54,"Females","ICES.8.a.b.d","46.1199486706667","Atlantic Ocean",14.8816225134296,14.7975488539095,14.3406187485275,10.574866944993,10.5193912195308,10.4728414894096,"South Stock","-5.86857176093333"
1989,52,"Females","ICES.8.a.b.d","46.1199486706667","Atlantic Ocean",15.6085855676313,14.8816225134296,14.7975488539095,10.6934595617352,10.574866944993,10.5193912195308,"South Stock","-5.86857176093333"
1990,55,"Females","ICES.8.a.b.d","46.1199486706667","Atlantic Ocean",15.5683761700681,15.6085855676313,14.8816225134296,10.7926547871853,10.6934595617352,10.574866944993,"South Stock","-5.86857176093333"
1996,51.5,"Females","ICES.8.a.b.d","46.1199486706667","Atlantic Ocean",15.0158997716236,15.3574654243611,14.9908091113401,10.8228205004066,10.6700099984963,10.6085629182518,"South Stock","-5.86857176093333"
1997,47.5,"Females","ICES.8.a.b.d","46.1199486706667","Atlantic Ocean",15.4852330286317,15.0158997716236,15.3574654243611,10.8170243988908,10.8228205004066,10.6700099984963,"South Stock","-5.86857176093333"
1998,47,"Females","ICES.8.a.b.d","46.1199486706667","Atlantic Ocean",15.3539469756217,15.4852330286317,15.0158997716236,10.8832068825683,10.8170243988908,10.8228205004066,"South Stock","-5.86857176093333"
1999,43.5,"Females","ICES.8.a.b.d","46.1199486706667","Atlantic Ocean",15.3859470410602,15.3539469756217,15.4852330286317,10.8139100317602,10.8832068825683,10.8170243988908,"South Stock","-5.86857176093333"
2000,52,"Females","ICES.8.a.b.d","46.1199486706667","Atlantic Ocean",15.0868186012708,15.3859470410602,15.3539469756217,10.8396093395179,10.8139100317602,10.8832068825683,"South Stock","-5.86857176093333"
2001,47.3,"Females","ICES.8.a.b.d","46.1199486706667","Atlantic Ocean",15.4243958163163,15.0868186012708,15.3859470410602,10.7751942133462,10.8396093395179,10.8139100317602,"South Stock","-5.86857176093333"
2002,44,"Females","ICES.8.a.b.d","46.1199486706667","Atlantic Ocean",15.1796412962454,15.4243958163163,15.0868186012708,10.9871183577826,10.7751942133462,10.8396093395179,"South Stock","-5.86857176093333"
2003,42,"Females","ICES.8.a.b.d","46.1199486706667","Atlantic Ocean",15.6714982662672,15.1796412962454,15.4243958163163,11.0452966201242,10.9871183577826,10.7751942133462,"South Stock","-5.86857176093333"
2004,41.5,"Females","ICES.8.a.b.d","46.1199486706667","Atlantic Ocean",15.4084529900257,15.6714982662672,15.1796412962454,11.1055905665985,11.0452966201242,10.9871183577826,"South Stock","-5.86857176093333"
1988,38.4,"Males","ICES.8.b","45.09437581","Atlantic Ocean",15.5639442125956,15.2723199367523,14.9758152484894,10.8181661499871,10.7282295227051,10.7849845091502,"South Stock","-2.17390166"
1988,51.3,"Females","ICES.8.b","45.09437581","Atlantic Ocean",15.5639442125956,15.2723199367523,14.9758152484894,10.8181661499871,10.7282295227051,10.7849845091502,"South Stock","-2.17390166"
1988,38.5,"Males","ICES.8.c","43.97131532","Atlantic Ocean",15.5141103956435,15.5153857337104,14.9690893861983,10.7344617843628,10.7192646132575,10.7381996711095,"South Stock","-6.76302085"
1988,51.5,"Females","ICES.8.c","43.97131532","Atlantic Ocean",15.5141103956435,15.5153857337104,14.9690893861983,10.7344617843628,10.7192646132575,10.7381996711095,"South Stock","-6.76302085"
1980,40.65,"Males","ICES.8.c.9.a","40.7038908128","Atlantic Ocean",16.2929438926036,16.1633454168544,16.1048127249175,11.5886284267283,11.6264246600717,11.637808734531,"South Stock","-8.56915950413333"
1981,36.01,"Males","ICES.8.c.9.a","40.7038908128","Atlantic Ocean",16.2399734649783,16.2929438926036,16.1633454168544,11.5505600610087,11.5886284267283,11.6264246600717,"South Stock","-8.56915950413333"
1982,36.6,"Males","ICES.8.c.9.a","40.7038908128","Atlantic Ocean",16.4363265972511,16.2399734649783,16.2929438926036,11.5460232098897,11.5505600610087,11.5886284267283,"South Stock","-8.56915950413333"
1983,33.06,"Males","ICES.8.c.9.a","40.7038908128","Atlantic Ocean",16.4186308533538,16.4363265972511,16.2399734649783,11.5458404755614,11.5460232098897,11.5505600610087,"South Stock","-8.56915950413333"
1983,33.65,"Males","ICES.8.c.9.a","40.7038908128","Atlantic Ocean",16.4186308533538,16.4363265972511,16.2399734649783,11.5458404755614,11.5460232098897,11.5505600610087,"South Stock","-8.56915950413333"
1985,33.89,"Males","ICES.8.c.9.a","40.7038908128","Atlantic Ocean",16.5485895773944,16.1747055971545,16.4186308533538,11.6189361169774,11.6106381635832,11.5458404755614,"South Stock","-8.56915950413333"
1986,35.39,"Males","ICES.8.c.9.a","40.7038908128","Atlantic Ocean",16.0708767103993,16.5485895773944,16.1747055971545,11.5507874764422,11.6189361169774,11.6106381635832,"South Stock","-8.56915950413333"
1988,29.15,"Males","ICES.8.c.9.a","40.7038908128","Atlantic Ocean",16.5561614895179,16.6762096383213,16.0708767103993,11.5324326766435,11.5363246565651,11.5507874764422,"South Stock","-8.56915950413333"
1989,35.49,"Males","ICES.8.c.9.a","40.7038908128","Atlantic Ocean",17.0738646248587,16.5561614895179,16.6762096383213,11.5944013171512,11.5324326766435,11.5363246565651,"South Stock","-8.56915950413333"
1990,30.999,"Males","ICES.8.c.9.a","40.7038908128","Atlantic Ocean",17.0093591076097,17.0738646248587,16.5561614895179,11.6387971928043,11.5944013171512,11.5324326766435,"South Stock","-8.56915950413333"
1991,30.01,"Males","ICES.8.c.9.a","40.7038908128","Atlantic Ocean",16.2941223580853,17.0093591076097,17.0738646248587,11.6142000644651,11.6387971928043,11.5944013171512,"South Stock","-8.56915950413333"
1992,30.2,"Males","ICES.8.c.9.a","40.7038908128","Atlantic Ocean",16.3517146445567,16.2941223580853,17.0093591076097,11.7155949337188,11.6142000644651,11.6387971928043,"South Stock","-8.56915950413333"
1993,38.33,"Males","ICES.8.c.9.a","40.7038908128","Atlantic Ocean",16.2881921790005,16.3517146445567,16.2941223580853,11.6989287440281,11.7155949337188,11.6142000644651,"South Stock","-8.56915950413333"
1994,30.15,"Males","ICES.8.c.9.a","40.7038908128","Atlantic Ocean",16.4430090386883,16.2881921790005,16.3517146445567,11.639551365728,11.6989287440281,11.7155949337188,"South Stock","-8.56915950413333"
1995,31.89,"Males","ICES.8.c.9.a","40.7038908128","Atlantic Ocean",16.9150999278025,16.4430090386883,16.2881921790005,11.6166551739084,11.639551365728,11.6989287440281,"South Stock","-8.56915950413333"
1996,30.97,"Males","ICES.8.c.9.a","40.7038908128","Atlantic Ocean",16.6332451131609,16.9150999278025,16.4430090386883,11.7112249502358,11.6166551739084,11.639551365728,"South Stock","-8.56915950413333"
1997,33.43,"Males","ICES.8.c.9.a","40.7038908128","Atlantic Ocean",17.2583349500606,16.6332451131609,16.9150999278025,11.730589203403,11.7112249502358,11.6166551739084,"South Stock","-8.56915950413333"
1998,37.51,"Males","ICES.8.c.9.a","40.7038908128","Atlantic Ocean",16.9822121493957,17.2583349500606,16.6332451131609,11.7674191945022,11.730589203403,11.7112249502358,"South Stock","-8.56915950413333"
1999,27.18,"Males","ICES.8.c.9.a","40.7038908128","Atlantic Ocean",16.8544325973473,16.9822121493957,17.2583349500606,11.7254028283994,11.7674191945022,11.730589203403,"South Stock","-8.56915950413333"
2000,30.74,"Males","ICES.8.c.9.a","40.7038908128","Atlantic Ocean",16.7180640565024,16.8544325973473,16.9822121493957,11.7545723611202,11.7254028283994,11.7674191945022,"South Stock","-8.56915950413333"
2001,35.38,"Males","ICES.8.c.9.a","40.7038908128","Atlantic Ocean",16.857168793055,16.7180640565024,16.8544325973473,11.7780886660447,11.7545723611202,11.7254028283994,"South Stock","-8.56915950413333"
2002,31.58,"Males","ICES.8.c.9.a","40.7038908128","Atlantic Ocean",16.7334764896654,16.857168793055,16.7180640565024,11.8649834542932,11.7780886660447,11.7545723611202,"South Stock","-8.56915950413333"
2003,31.24,"Males","ICES.8.c.9.a","40.7038908128","Atlantic Ocean",17.0732423933503,16.7334764896654,16.857168793055,11.8365205330874,11.8649834542932,11.7780886660447,"South Stock","-8.56915950413333"
2004,27.84,"Males","ICES.8.c.9.a","40.7038908128","Atlantic Ocean",16.9565984615313,17.0732423933503,16.7334764896654,11.9028703233354,11.8365205330874,11.8649834542932,"South Stock","-8.56915950413333"
2005,29.21,"Males","ICES.8.c.9.a","40.7038908128","Atlantic Ocean",16.9697790839314,16.9565984615313,17.0732423933503,11.8730378111417,11.9028703233354,11.8365205330874,"South Stock","-8.56915950413333"
2006,30.57,"Males","ICES.8.c.9.a","40.7038908128","Atlantic Ocean",17.3346950379852,16.9697790839314,16.9565984615313,11.8314877916194,11.8730378111417,11.9028703233354,"South Stock","-8.56915950413333"
2007,29.76,"Males","ICES.8.c.9.a","40.7038908128","Atlantic Ocean",16.9440519290812,17.3346950379852,16.9697790839314,11.825124301043,11.8314877916194,11.8730378111417,"South Stock","-8.56915950413333"
2008,29.15,"Males","ICES.8.c.9.a","40.7038908128","Atlantic Ocean",16.9641556183497,16.9440519290812,17.3346950379852,11.8310389649056,11.825124301043,11.8314877916194,"South Stock","-8.56915950413333"
2009,28.07,"Males","ICES.8.c.9.a","40.7038908128","Atlantic Ocean",16.8391297675426,16.9641556183497,16.9440519290812,11.819177268547,11.8310389649056,11.825124301043,"South Stock","-8.56915950413333"
2010,32.14,"Males","ICES.8.c.9.a","40.7038908128","Atlantic Ocean",16.8349181552338,16.8391297675426,16.9641556183497,11.806322961565,11.819177268547,11.8310389649056,"South Stock","-8.56915950413333"
2011,28.24,"Males","ICES.8.c.9.a","40.7038908128","Atlantic Ocean",17.1346487554849,16.8349181552338,16.8391297675426,11.8435381972982,11.806322961565,11.819177268547,"South Stock","-8.56915950413333"
2012,25.79,"Males","ICES.8.c.9.a","40.7038908128","Atlantic Ocean",16.9326005920086,17.1346487554849,16.8349181552338,11.8303638709489,11.8435381972982,11.806322961565,"South Stock","-8.56915950413333"
2012,29.37,"Males","ICES.8.c.9.a","40.7038908128","Atlantic Ocean",16.9326005920086,17.1346487554849,16.8349181552338,11.8303638709489,11.8435381972982,11.806322961565,"South Stock","-8.56915950413333"
1980,55.34,"Females","ICES.8.c.9.a","40.7038908128","Atlantic Ocean",16.2929438926036,16.1633454168544,16.1048127249175,11.5886284267283,11.6264246600717,11.637808734531,"South Stock","-8.56915950413333"
1981,44.51,"Females","ICES.8.c.9.a","40.7038908128","Atlantic Ocean",16.2399734649783,16.2929438926036,16.1633454168544,11.5505600610087,11.5886284267283,11.6264246600717,"South Stock","-8.56915950413333"
1982,46.05,"Females","ICES.8.c.9.a","40.7038908128","Atlantic Ocean",16.4363265972511,16.2399734649783,16.2929438926036,11.5460232098897,11.5505600610087,11.5886284267283,"South Stock","-8.56915950413333"
1983,41.08,"Females","ICES.8.c.9.a","40.7038908128","Atlantic Ocean",16.4186308533538,16.4363265972511,16.2399734649783,11.5458404755614,11.5460232098897,11.5505600610087,"South Stock","-8.56915950413333"
1983,38.68,"Females","ICES.8.c.9.a","40.7038908128","Atlantic Ocean",16.4186308533538,16.4363265972511,16.2399734649783,11.5458404755614,11.5460232098897,11.5505600610087,"South Stock","-8.56915950413333"
1984,43.02,"Females","ICES.8.c.9.a","40.7038908128","Atlantic Ocean",16.1747055971545,16.4186308533538,16.4363265972511,11.6106381635832,11.5458404755614,11.5460232098897,"South Stock","-8.56915950413333"
1985,44.28,"Females","ICES.8.c.9.a","40.7038908128","Atlantic Ocean",16.5485895773944,16.1747055971545,16.4186308533538,11.6189361169774,11.6106381635832,11.5458404755614,"South Stock","-8.56915950413333"
1987,39.5,"Females","ICES.8.c.9.a","40.7038908128","Atlantic Ocean",16.6762096383213,16.0708767103993,16.5485895773944,11.5363246565651,11.5507874764422,11.6189361169774,"South Stock","-8.56915950413333"
1988,38.98,"Females","ICES.8.c.9.a","40.7038908128","Atlantic Ocean",16.5561614895179,16.6762096383213,16.0708767103993,11.5324326766435,11.5363246565651,11.5507874764422,"South Stock","-8.56915950413333"
1989,42.98,"Females","ICES.8.c.9.a","40.7038908128","Atlantic Ocean",17.0738646248587,16.5561614895179,16.6762096383213,11.5944013171512,11.5324326766435,11.5363246565651,"South Stock","-8.56915950413333"
1990,41.66,"Females","ICES.8.c.9.a","40.7038908128","Atlantic Ocean",17.0093591076097,17.0738646248587,16.5561614895179,11.6387971928043,11.5944013171512,11.5324326766435,"South Stock","-8.56915950413333"
1991,43.63,"Females","ICES.8.c.9.a","40.7038908128","Atlantic Ocean",16.2941223580853,17.0093591076097,17.0738646248587,11.6142000644651,11.6387971928043,11.5944013171512,"South Stock","-8.56915950413333"
1992,43.63,"Females","ICES.8.c.9.a","40.7038908128","Atlantic Ocean",16.3517146445567,16.2941223580853,17.0093591076097,11.7155949337188,11.6142000644651,11.6387971928043,"South Stock","-8.56915950413333"
1993,46.66,"Females","ICES.8.c.9.a","40.7038908128","Atlantic Ocean",16.2881921790005,16.3517146445567,16.2941223580853,11.6989287440281,11.7155949337188,11.6142000644651,"South Stock","-8.56915950413333"
1994,47.05,"Females","ICES.8.c.9.a","40.7038908128","Atlantic Ocean",16.4430090386883,16.2881921790005,16.3517146445567,11.639551365728,11.6989287440281,11.7155949337188,"South Stock","-8.56915950413333"
1995,38.61,"Females","ICES.8.c.9.a","40.7038908128","Atlantic Ocean",16.9150999278025,16.4430090386883,16.2881921790005,11.6166551739084,11.639551365728,11.6989287440281,"South Stock","-8.56915950413333"
1996,46.54,"Females","ICES.8.c.9.a","40.7038908128","Atlantic Ocean",16.6332451131609,16.9150999278025,16.4430090386883,11.7112249502358,11.6166551739084,11.639551365728,"South Stock","-8.56915950413333"
1997,53.42,"Females","ICES.8.c.9.a","40.7038908128","Atlantic Ocean",17.2583349500606,16.6332451131609,16.9150999278025,11.730589203403,11.7112249502358,11.6166551739084,"South Stock","-8.56915950413333"
1998,47.22,"Females","ICES.8.c.9.a","40.7038908128","Atlantic Ocean",16.9822121493957,17.2583349500606,16.6332451131609,11.7674191945022,11.730589203403,11.7112249502358,"South Stock","-8.56915950413333"
1999,41.82,"Females","ICES.8.c.9.a","40.7038908128","Atlantic Ocean",16.8544325973473,16.9822121493957,17.2583349500606,11.7254028283994,11.7674191945022,11.730589203403,"South Stock","-8.56915950413333"
2000,46.77,"Females","ICES.8.c.9.a","40.7038908128","Atlantic Ocean",16.7180640565024,16.8544325973473,16.9822121493957,11.7545723611202,11.7254028283994,11.7674191945022,"South Stock","-8.56915950413333"
2001,47.43,"Females","ICES.8.c.9.a","40.7038908128","Atlantic Ocean",16.857168793055,16.7180640565024,16.8544325973473,11.7780886660447,11.7545723611202,11.7254028283994,"South Stock","-8.56915950413333"
2002,46.38,"Females","ICES.8.c.9.a","40.7038908128","Atlantic Ocean",16.7334764896654,16.857168793055,16.7180640565024,11.8649834542932,11.7780886660447,11.7545723611202,"South Stock","-8.56915950413333"
2003,44.33,"Females","ICES.8.c.9.a","40.7038908128","Atlantic Ocean",17.0732423933503,16.7334764896654,16.857168793055,11.8365205330874,11.8649834542932,11.7780886660447,"South Stock","-8.56915950413333"
2004,45.34,"Females","ICES.8.c.9.a","40.7038908128","Atlantic Ocean",16.9565984615313,17.0732423933503,16.7334764896654,11.9028703233354,11.8365205330874,11.8649834542932,"South Stock","-8.56915950413333"
2005,43.64,"Females","ICES.8.c.9.a","40.7038908128","Atlantic Ocean",16.9697790839314,16.9565984615313,17.0732423933503,11.8730378111417,11.9028703233354,11.8365205330874,"South Stock","-8.56915950413333"
2006,43.67,"Females","ICES.8.c.9.a","40.7038908128","Atlantic Ocean",17.3346950379852,16.9697790839314,16.9565984615313,11.8314877916194,11.8730378111417,11.9028703233354,"South Stock","-8.56915950413333"
2007,44.02,"Females","ICES.8.c.9.a","40.7038908128","Atlantic Ocean",16.9440519290812,17.3346950379852,16.9697790839314,11.825124301043,11.8314877916194,11.8730378111417,"South Stock","-8.56915950413333"
2008,48.28,"Females","ICES.8.c.9.a","40.7038908128","Atlantic Ocean",16.9641556183497,16.9440519290812,17.3346950379852,11.8310389649056,11.825124301043,11.8314877916194,"South Stock","-8.56915950413333"
2009,47.51,"Females","ICES.8.c.9.a","40.7038908128","Atlantic Ocean",16.8391297675426,16.9641556183497,16.9440519290812,11.819177268547,11.8310389649056,11.825124301043,"South Stock","-8.56915950413333"
2010,47.39,"Females","ICES.8.c.9.a","40.7038908128","Atlantic Ocean",16.8349181552338,16.8391297675426,16.9641556183497,11.806322961565,11.819177268547,11.8310389649056,"South Stock","-8.56915950413333"
2011,42.03,"Females","ICES.8.c.9.a","40.7038908128","Atlantic Ocean",17.1346487554849,16.8349181552338,16.8391297675426,11.8435381972982,11.806322961565,11.819177268547,"South Stock","-8.56915950413333"
2012,44.23,"Females","ICES.8.c.9.a","40.7038908128","Atlantic Ocean",16.9326005920086,17.1346487554849,16.8349181552338,11.8303638709489,11.8435381972982,11.806322961565,"South Stock","-8.56915950413333"
1980,46.86,"Combined","ICES.8.c.9.a","40.7038908128","Atlantic Ocean",16.2929438926036,16.1633454168544,16.1048127249175,11.5886284267283,11.6264246600717,11.637808734531,"South Stock","-8.56915950413333"
1981,37.26,"Combined","ICES.8.c.9.a","40.7038908128","Atlantic Ocean",16.2399734649783,16.2929438926036,16.1633454168544,11.5505600610087,11.5886284267283,11.6264246600717,"South Stock","-8.56915950413333"
1982,37.52,"Combined","ICES.8.c.9.a","40.7038908128","Atlantic Ocean",16.4363265972511,16.2399734649783,16.2929438926036,11.5460232098897,11.5505600610087,11.5886284267283,"South Stock","-8.56915950413333"
1983,34.93,"Combined","ICES.8.c.9.a","40.7038908128","Atlantic Ocean",16.4186308533538,16.4363265972511,16.2399734649783,11.5458404755614,11.5460232098897,11.5505600610087,"South Stock","-8.56915950413333"
1984,36.41,"Combined","ICES.8.c.9.a","40.7038908128","Atlantic Ocean",16.1747055971545,16.4186308533538,16.4363265972511,11.6106381635832,11.5458404755614,11.5460232098897,"South Stock","-8.56915950413333"
1985,35.1,"Combined","ICES.8.c.9.a","40.7038908128","Atlantic Ocean",16.5485895773944,16.1747055971545,16.4186308533538,11.6189361169774,11.6106381635832,11.5458404755614,"South Stock","-8.56915950413333"
1986,36.7,"Combined","ICES.8.c.9.a","40.7038908128","Atlantic Ocean",16.0708767103993,16.5485895773944,16.1747055971545,11.5507874764422,11.6189361169774,11.6106381635832,"South Stock","-8.56915950413333"
1988,30.6,"Combined","ICES.8.c.9.a","40.7038908128","Atlantic Ocean",16.5561614895179,16.6762096383213,16.0708767103993,11.5324326766435,11.5363246565651,11.5507874764422,"South Stock","-8.56915950413333"
1989,36.6,"Combined","ICES.8.c.9.a","40.7038908128","Atlantic Ocean",17.0738646248587,16.5561614895179,16.6762096383213,11.5944013171512,11.5324326766435,11.5363246565651,"South Stock","-8.56915950413333"
1990,35.81,"Combined","ICES.8.c.9.a","40.7038908128","Atlantic Ocean",17.0093591076097,17.0738646248587,16.5561614895179,11.6387971928043,11.5944013171512,11.5324326766435,"South Stock","-8.56915950413333"
1991,33.88,"Combined","ICES.8.c.9.a","40.7038908128","Atlantic Ocean",16.2941223580853,17.0093591076097,17.0738646248587,11.6142000644651,11.6387971928043,11.5944013171512,"South Stock","-8.56915950413333"
1992,33.17,"Combined","ICES.8.c.9.a","40.7038908128","Atlantic Ocean",16.3517146445567,16.2941223580853,17.0093591076097,11.7155949337188,11.6142000644651,11.6387971928043,"South Stock","-8.56915950413333"
1993,41.61,"Combined","ICES.8.c.9.a","40.7038908128","Atlantic Ocean",16.2881921790005,16.3517146445567,16.2941223580853,11.6989287440281,11.7155949337188,11.6142000644651,"South Stock","-8.56915950413333"
1994,37.97,"Combined","ICES.8.c.9.a","40.7038908128","Atlantic Ocean",16.4430090386883,16.2881921790005,16.3517146445567,11.639551365728,11.6989287440281,11.7155949337188,"South Stock","-8.56915950413333"
1995,37.74,"Combined","ICES.8.c.9.a","40.7038908128","Atlantic Ocean",16.9150999278025,16.4430090386883,16.2881921790005,11.6166551739084,11.639551365728,11.6989287440281,"South Stock","-8.56915950413333"
1996,34.96,"Combined","ICES.8.c.9.a","40.7038908128","Atlantic Ocean",16.6332451131609,16.9150999278025,16.4430090386883,11.7112249502358,11.6166551739084,11.639551365728,"South Stock","-8.56915950413333"
1997,40.1,"Combined","ICES.8.c.9.a","40.7038908128","Atlantic Ocean",17.2583349500606,16.6332451131609,16.9150999278025,11.730589203403,11.7112249502358,11.6166551739084,"South Stock","-8.56915950413333"
1998,51.85,"Combined","ICES.8.c.9.a","40.7038908128","Atlantic Ocean",16.9822121493957,17.2583349500606,16.6332451131609,11.7674191945022,11.730589203403,11.7112249502358,"South Stock","-8.56915950413333"
1999,37.29,"Combined","ICES.8.c.9.a","40.7038908128","Atlantic Ocean",16.8544325973473,16.9822121493957,17.2583349500606,11.7254028283994,11.7674191945022,11.730589203403,"South Stock","-8.56915950413333"
2000,35.55,"Combined","ICES.8.c.9.a","40.7038908128","Atlantic Ocean",16.7180640565024,16.8544325973473,16.9822121493957,11.7545723611202,11.7254028283994,11.7674191945022,"South Stock","-8.56915950413333"
2001,41.14,"Combined","ICES.8.c.9.a","40.7038908128","Atlantic Ocean",16.857168793055,16.7180640565024,16.8544325973473,11.7780886660447,11.7545723611202,11.7254028283994,"South Stock","-8.56915950413333"
2002,42.63,"Combined","ICES.8.c.9.a","40.7038908128","Atlantic Ocean",16.7334764896654,16.857168793055,16.7180640565024,11.8649834542932,11.7780886660447,11.7545723611202,"South Stock","-8.56915950413333"
2003,39.02,"Combined","ICES.8.c.9.a","40.7038908128","Atlantic Ocean",17.0732423933503,16.7334764896654,16.857168793055,11.8365205330874,11.8649834542932,11.7780886660447,"South Stock","-8.56915950413333"
2004,36.37,"Combined","ICES.8.c.9.a","40.7038908128","Atlantic Ocean",16.9565984615313,17.0732423933503,16.7334764896654,11.9028703233354,11.8365205330874,11.8649834542932,"South Stock","-8.56915950413333"
2005,37.61,"Combined","ICES.8.c.9.a","40.7038908128","Atlantic Ocean",16.9697790839314,16.9565984615313,17.0732423933503,11.8730378111417,11.9028703233354,11.8365205330874,"South Stock","-8.56915950413333"
2006,36.07,"Combined","ICES.8.c.9.a","40.7038908128","Atlantic Ocean",17.3346950379852,16.9697790839314,16.9565984615313,11.8314877916194,11.8730378111417,11.9028703233354,"South Stock","-8.56915950413333"
2007,35.22,"Combined","ICES.8.c.9.a","40.7038908128","Atlantic Ocean",16.9440519290812,17.3346950379852,16.9697790839314,11.825124301043,11.8314877916194,11.8730378111417,"South Stock","-8.56915950413333"
2008,35.83,"Combined","ICES.8.c.9.a","40.7038908128","Atlantic Ocean",16.9641556183497,16.9440519290812,17.3346950379852,11.8310389649056,11.825124301043,11.8314877916194,"South Stock","-8.56915950413333"
2009,36.85,"Combined","ICES.8.c.9.a","40.7038908128","Atlantic Ocean",16.8391297675426,16.9641556183497,16.9440519290812,11.819177268547,11.8310389649056,11.825124301043,"South Stock","-8.56915950413333"
2010,39.01,"Combined","ICES.8.c.9.a","40.7038908128","Atlantic Ocean",16.8349181552338,16.8391297675426,16.9641556183497,11.806322961565,11.819177268547,11.8310389649056,"South Stock","-8.56915950413333"
2011,34.29,"Combined","ICES.8.c.9.a","40.7038908128","Atlantic Ocean",17.1346487554849,16.8349181552338,16.8391297675426,11.8435381972982,11.806322961565,11.819177268547,"South Stock","-8.56915950413333"
2012,31.46,"Combined","ICES.8.c.9.a","40.7038908128","Atlantic Ocean",16.9326005920086,17.1346487554849,16.8349181552338,11.8303638709489,11.8435381972982,11.806322961565,"South Stock","-8.56915950413333"
2013,35.9079,"Combined","ICES.8.c.9.a","40.7038908128","Atlantic Ocean",16.7415235760944,16.9326005920086,17.1346487554849,11.8085313577699,11.8303638709489,11.8435381972982,"South Stock","-8.56915950413333"
1980,33,"Males","ICES.8.c.9.a","40.7038908128","Atlantic Ocean",16.2929438926036,16.1633454168544,16.1048127249175,11.5886284267283,11.6264246600717,11.637808734531,"South Stock","-8.56915950413333"
1980,32,"Males","ICES.8.c.9.a","40.7038908128","Atlantic Ocean",16.2929438926036,16.1633454168544,16.1048127249175,11.5886284267283,11.6264246600717,11.637808734531,"South Stock","-8.56915950413333"
1983,31.6,"Males","ICES.8.c.9.a","40.7038908128","Atlantic Ocean",16.4186308533538,16.4363265972511,16.2399734649783,11.5458404755614,11.5460232098897,11.5505600610087,"South Stock","-8.56915950413333"
1984,28.6,"Males","ICES.8.c.9.a","40.7038908128","Atlantic Ocean",16.1747055971545,16.4186308533538,16.4363265972511,11.6106381635832,11.5458404755614,11.5460232098897,"South Stock","-8.56915950413333"
1981,37,"Males","ICES.8.c.9.a","40.7038908128","Atlantic Ocean",16.2399734649783,16.2929438926036,16.1633454168544,11.5505600610087,11.5886284267283,11.6264246600717,"South Stock","-8.56915950413333"
1982,36.5,"Males","ICES.8.c.9.a","40.7038908128","Atlantic Ocean",16.4363265972511,16.2399734649783,16.2929438926036,11.5460232098897,11.5505600610087,11.5886284267283,"South Stock","-8.56915950413333"
1987,27.5,"Males","ICES.8.c.9.a","40.7038908128","Atlantic Ocean",16.6762096383213,16.0708767103993,16.5485895773944,11.5363246565651,11.5507874764422,11.6189361169774,"South Stock","-8.56915950413333"
1984,37,"Males","ICES.8.c.9.a","40.7038908128","Atlantic Ocean",16.1747055971545,16.4186308533538,16.4363265972511,11.6106381635832,11.5458404755614,11.5460232098897,"South Stock","-8.56915950413333"
1985,32,"Males","ICES.8.c.9.a","40.7038908128","Atlantic Ocean",16.5485895773944,16.1747055971545,16.4186308533538,11.6189361169774,11.6106381635832,11.5458404755614,"South Stock","-8.56915950413333"
1980,39,"Males","ICES.8.c.9.a","40.7038908128","Atlantic Ocean",16.2929438926036,16.1633454168544,16.1048127249175,11.5886284267283,11.6264246600717,11.637808734531,"South Stock","-8.56915950413333"
1980,39.5,"Males","ICES.8.c.9.a","40.7038908128","Atlantic Ocean",16.2929438926036,16.1633454168544,16.1048127249175,11.5886284267283,11.6264246600717,11.637808734531,"South Stock","-8.56915950413333"
1959,57.7,"Females","ICES.8.c.9.a","40.7038908128","Atlantic Ocean",16.5069204832214,16.2073606717041,16.3376800655539,12.0426550452534,11.9875911892422,NA,"South Stock","-8.56915950413333"
1980,49,"Females","ICES.8.c.9.a","40.7038908128","Atlantic Ocean",16.2929438926036,16.1633454168544,16.1048127249175,11.5886284267283,11.6264246600717,11.637808734531,"South Stock","-8.56915950413333"
1980,49,"Females","ICES.8.c.9.a","40.7038908128","Atlantic Ocean",16.2929438926036,16.1633454168544,16.1048127249175,11.5886284267283,11.6264246600717,11.637808734531,"South Stock","-8.56915950413333"
1981,49.5,"Females","ICES.8.c.9.a","40.7038908128","Atlantic Ocean",16.2399734649783,16.2929438926036,16.1633454168544,11.5505600610087,11.5886284267283,11.6264246600717,"South Stock","-8.56915950413333"
1982,47,"Females","ICES.8.c.9.a","40.7038908128","Atlantic Ocean",16.4363265972511,16.2399734649783,16.2929438926036,11.5460232098897,11.5505600610087,11.5886284267283,"South Stock","-8.56915950413333"
1983,46,"Females","ICES.8.c.9.a","40.7038908128","Atlantic Ocean",16.4186308533538,16.4363265972511,16.2399734649783,11.5458404755614,11.5460232098897,11.5505600610087,"South Stock","-8.56915950413333"
1983,55.5,"Females","ICES.8.c.9.a","40.7038908128","Atlantic Ocean",16.4186308533538,16.4363265972511,16.2399734649783,11.5458404755614,11.5460232098897,11.5505600610087,"South Stock","-8.56915950413333"
1984,45,"Females","ICES.8.c.9.a","40.7038908128","Atlantic Ocean",16.1747055971545,16.4186308533538,16.4363265972511,11.6106381635832,11.5458404755614,11.5460232098897,"South Stock","-8.56915950413333"
1985,47,"Females","ICES.8.c.9.a","40.7038908128","Atlantic Ocean",16.5485895773944,16.1747055971545,16.4186308533538,11.6189361169774,11.6106381635832,11.5458404755614,"South Stock","-8.56915950413333"
1984,58,"Females","ICES.8.c.9.a","40.7038908128","Atlantic Ocean",16.1747055971545,16.4186308533538,16.4363265972511,11.6106381635832,11.5458404755614,11.5460232098897,"South Stock","-8.56915950413333"
1986,51,"Females","ICES.8.c.9.a","40.7038908128","Atlantic Ocean",16.0708767103993,16.5485895773944,16.1747055971545,11.5507874764422,11.6189361169774,11.6106381635832,"South Stock","-8.56915950413333"
1980,56,"Females","ICES.8.c.9.a","40.7038908128","Atlantic Ocean",16.2929438926036,16.1633454168544,16.1048127249175,11.5886284267283,11.6264246600717,11.637808734531,"South Stock","-8.56915950413333"
1980,58,"Females","ICES.8.c.9.a","40.7038908128","Atlantic Ocean",16.2929438926036,16.1633454168544,16.1048127249175,11.5886284267283,11.6264246600717,11.637808734531,"South Stock","-8.56915950413333"
1984,40.9,"Females","ICES.8.c.9.a","40.7038908128","Atlantic Ocean",16.1747055971545,16.4186308533538,16.4363265972511,11.6106381635832,11.5458404755614,11.5460232098897,"South Stock","-8.56915950413333"
1982,39,"Combined","ICES.8.c.9.a","40.7038908128","Atlantic Ocean",16.4363265972511,16.2399734649783,16.2929438926036,11.5460232098897,11.5505600610087,11.5886284267283,"South Stock","-8.56915950413333"
1980,36,"Combined","ICES.8.c.9.a","40.7038908128","Atlantic Ocean",16.2929438926036,16.1633454168544,16.1048127249175,11.5886284267283,11.6264246600717,11.637808734531,"South Stock","-8.56915950413333"
1980,43.6,"Females","ICES.8.c.9.a","40.7038908128","Atlantic Ocean",16.2929438926036,16.1633454168544,16.1048127249175,11.5886284267283,11.6264246600717,11.637808734531,"South Stock","-8.56915950413333"
1990,43.12,"Females","ICES.8.c.9.a","40.7038908128","Atlantic Ocean",17.0093591076097,17.0738646248587,16.5561614895179,11.6387971928043,11.5944013171512,11.5324326766435,"South Stock","-8.56915950413333"
1991,41.3,"Females","ICES.8.c.9.a","40.7038908128","Atlantic Ocean",16.2941223580853,17.0093591076097,17.0738646248587,11.6142000644651,11.6387971928043,11.5944013171512,"South Stock","-8.56915950413333"
1992,47.9,"Females","ICES.8.c.9.a","40.7038908128","Atlantic Ocean",16.3517146445567,16.2941223580853,17.0093591076097,11.7155949337188,11.6142000644651,11.6387971928043,"South Stock","-8.56915950413333"
1993,46.6,"Females","ICES.8.c.9.a","40.7038908128","Atlantic Ocean",16.2881921790005,16.3517146445567,16.2941223580853,11.6989287440281,11.7155949337188,11.6142000644651,"South Stock","-8.56915950413333"
1994,48.5,"Females","ICES.8.c.9.a","40.7038908128","Atlantic Ocean",16.4430090386883,16.2881921790005,16.3517146445567,11.639551365728,11.6989287440281,11.7155949337188,"South Stock","-8.56915950413333"
1995,46.6,"Females","ICES.8.c.9.a","40.7038908128","Atlantic Ocean",16.9150999278025,16.4430090386883,16.2881921790005,11.6166551739084,11.639551365728,11.6989287440281,"South Stock","-8.56915950413333"
1996,38.012,"Females","ICES.8.c.9.a","40.7038908128","Atlantic Ocean",16.6332451131609,16.9150999278025,16.4430090386883,11.7112249502358,11.6166551739084,11.639551365728,"South Stock","-8.56915950413333"
1997,44.9,"Females","ICES.8.c.9.a","40.7038908128","Atlantic Ocean",17.2583349500606,16.6332451131609,16.9150999278025,11.730589203403,11.7112249502358,11.6166551739084,"South Stock","-8.56915950413333"
1998,46.7,"Females","ICES.8.c.9.a","40.7038908128","Atlantic Ocean",16.9822121493957,17.2583349500606,16.6332451131609,11.7674191945022,11.730589203403,11.7112249502358,"South Stock","-8.56915950413333"
1999,48.51,"Females","ICES.8.c.9.a","40.7038908128","Atlantic Ocean",16.8544325973473,16.9822121493957,17.2583349500606,11.7254028283994,11.7674191945022,11.730589203403,"South Stock","-8.56915950413333"
2000,45.21,"Females","ICES.8.c.9.a","40.7038908128","Atlantic Ocean",16.7180640565024,16.8544325973473,16.9822121493957,11.7545723611202,11.7254028283994,11.7674191945022,"South Stock","-8.56915950413333"
2001,41.23,"Females","ICES.8.c.9.a","40.7038908128","Atlantic Ocean",16.857168793055,16.7180640565024,16.8544325973473,11.7780886660447,11.7545723611202,11.7254028283994,"South Stock","-8.56915950413333"
2002,43.99,"Females","ICES.8.c.9.a","40.7038908128","Atlantic Ocean",16.7334764896654,16.857168793055,16.7180640565024,11.8649834542932,11.7780886660447,11.7545723611202,"South Stock","-8.56915950413333"
2003,42.79,"Females","ICES.8.c.9.a","40.7038908128","Atlantic Ocean",17.0732423933503,16.7334764896654,16.857168793055,11.8365205330874,11.8649834542932,11.7780886660447,"South Stock","-8.56915950413333"
2004,42.96,"Females","ICES.8.c.9.a","40.7038908128","Atlantic Ocean",16.9565984615313,17.0732423933503,16.7334764896654,11.9028703233354,11.8365205330874,11.8649834542932,"South Stock","-8.56915950413333"
2005,43.18,"Females","ICES.8.c.9.a","40.7038908128","Atlantic Ocean",16.9697790839314,16.9565984615313,17.0732423933503,11.8730378111417,11.9028703233354,11.8365205330874,"South Stock","-8.56915950413333"
2006,42.06,"Females","ICES.8.c.9.a","40.7038908128","Atlantic Ocean",17.3346950379852,16.9697790839314,16.9565984615313,11.8314877916194,11.8730378111417,11.9028703233354,"South Stock","-8.56915950413333"
2007,41.57,"Females","ICES.8.c.9.a","40.7038908128","Atlantic Ocean",16.9440519290812,17.3346950379852,16.9697790839314,11.825124301043,11.8314877916194,11.8730378111417,"South Stock","-8.56915950413333"
2008,41.88,"Females","ICES.8.c.9.a","40.7038908128","Atlantic Ocean",16.9641556183497,16.9440519290812,17.3346950379852,11.8310389649056,11.825124301043,11.8314877916194,"South Stock","-8.56915950413333"
2009,41.79,"Females","ICES.8.c.9.a","40.7038908128","Atlantic Ocean",16.8391297675426,16.9641556183497,16.9440519290812,11.819177268547,11.8310389649056,11.825124301043,"South Stock","-8.56915950413333"
2010,44.04,"Females","ICES.8.c.9.a","40.7038908128","Atlantic Ocean",16.8349181552338,16.8391297675426,16.9641556183497,11.806322961565,11.819177268547,11.8310389649056,"South Stock","-8.56915950413333"
2011,42.7,"Females","ICES.8.c.9.a","40.7038908128","Atlantic Ocean",17.1346487554849,16.8349181552338,16.8391297675426,11.8435381972982,11.806322961565,11.819177268547,"South Stock","-8.56915950413333"
2012,42.61,"Females","ICES.8.c.9.a","40.7038908128","Atlantic Ocean",16.9326005920086,17.1346487554849,16.8349181552338,11.8303638709489,11.8435381972982,11.806322961565,"South Stock","-8.56915950413333"
2013,41.74,"Females","ICES.8.c.9.a","40.7038908128","Atlantic Ocean",16.7415235760944,16.9326005920086,17.1346487554849,11.8085313577699,11.8303638709489,11.8435381972982,"South Stock","-8.56915950413333"
2014,41.08,"Females","ICES.8.c.9.a","40.7038908128","Atlantic Ocean",17.2026761268479,16.7415235760944,16.9326005920086,11.7328301101496,11.8085313577699,11.8303638709489,"South Stock","-8.56915950413333"
2015,40.74,"Females","ICES.8.c.9.a","40.7038908128","Atlantic Ocean",16.9951411345426,17.2026761268479,16.7415235760944,11.7413419139535,11.7328301101496,11.8085313577699,"South Stock","-8.56915950413333"
2016,42.65,"Females","ICES.8.c.9.a","40.7038908128","Atlantic Ocean",16.9821900719911,16.9951411345426,17.2026761268479,11.6778641918334,11.7413419139535,11.7328301101496,"South Stock","-8.56915950413333"
2017,38.64,"Females","ICES.8.c.9.a","40.7038908128","Atlantic Ocean",17.1552228830998,16.9821900719911,16.9951411345426,11.6715109153354,11.6778641918334,11.7413419139535,"South Stock","-8.56915950413333"
2018,43.46,"Females","ICES.8.c.9.a","40.7038908128","Atlantic Ocean",16.6931176925796,17.1552228830998,16.9821900719911,11.5279426312468,11.6715109153354,11.6778641918334,"South Stock","-8.56915950413333"
2019,40.42,"Females","ICES.8.c.9.a","40.7038908128","Atlantic Ocean",16.9049829542247,16.6931176925796,17.1552228830998,11.5792729416629,11.5279426312468,11.6715109153354,"South Stock","-8.56915950413333"
1996,32.8,"Males","ICES.8.c.9.a","40.7038908128","Atlantic Ocean",16.6332451131609,16.9150999278025,16.4430090386883,11.7112249502358,11.6166551739084,11.639551365728,"South Stock","-8.56915950413333"
1996,45.4,"Females","ICES.8.c.9.a","40.7038908128","Atlantic Ocean",16.6332451131609,16.9150999278025,16.4430090386883,11.7112249502358,11.6166551739084,11.639551365728,"South Stock","-8.56915950413333"
1996,37.9,"Combined","ICES.8.c.9.a","40.7038908128","Atlantic Ocean",16.6332451131609,16.9150999278025,16.4430090386883,11.7112249502358,11.6166551739084,11.639551365728,"South Stock","-8.56915950413333"
1982,44.3,"Females","ICES.8.c.9.a","40.7038908128","Atlantic Ocean",16.4363265972511,16.2399734649783,16.2929438926036,11.5460232098897,11.5505600610087,11.5886284267283,"South Stock","-8.56915950413333"
1983,40.9,"Females","ICES.8.c.9.a","40.7038908128","Atlantic Ocean",16.4186308533538,16.4363265972511,16.2399734649783,11.5458404755614,11.5460232098897,11.5505600610087,"South Stock","-8.56915950413333"
1984,42.9,"Females","ICES.8.c.9.a","40.7038908128","Atlantic Ocean",16.1747055971545,16.4186308533538,16.4363265972511,11.6106381635832,11.5458404755614,11.5460232098897,"South Stock","-8.56915950413333"
1985,41.9,"Females","ICES.8.c.9.a","40.7038908128","Atlantic Ocean",16.5485895773944,16.1747055971545,16.4186308533538,11.6189361169774,11.6106381635832,11.5458404755614,"South Stock","-8.56915950413333"
1986,44.3,"Females","ICES.8.c.9.a","40.7038908128","Atlantic Ocean",16.0708767103993,16.5485895773944,16.1747055971545,11.5507874764422,11.6189361169774,11.6106381635832,"South Stock","-8.56915950413333"
1988,39,"Females","ICES.8.c.9.a","40.7038908128","Atlantic Ocean",16.5561614895179,16.6762096383213,16.0708767103993,11.5324326766435,11.5363246565651,11.5507874764422,"South Stock","-8.56915950413333"
1989,38.7,"Females","ICES.8.c.9.a","40.7038908128","Atlantic Ocean",17.0738646248587,16.5561614895179,16.6762096383213,11.5944013171512,11.5324326766435,11.5363246565651,"South Stock","-8.56915950413333"
1990,40.9,"Females","ICES.8.c.9.a","40.7038908128","Atlantic Ocean",17.0093591076097,17.0738646248587,16.5561614895179,11.6387971928043,11.5944013171512,11.5324326766435,"South Stock","-8.56915950413333"
1991,38.5,"Females","ICES.8.c.9.a","40.7038908128","Atlantic Ocean",16.2941223580853,17.0093591076097,17.0738646248587,11.6142000644651,11.6387971928043,11.5944013171512,"South Stock","-8.56915950413333"
1992,42.9,"Females","ICES.8.c.9.a","40.7038908128","Atlantic Ocean",16.3517146445567,16.2941223580853,17.0093591076097,11.7155949337188,11.6142000644651,11.6387971928043,"South Stock","-8.56915950413333"
1994,43.5,"Females","ICES.8.c.9.a","40.7038908128","Atlantic Ocean",16.4430090386883,16.2881921790005,16.3517146445567,11.639551365728,11.6989287440281,11.7155949337188,"South Stock","-8.56915950413333"
1995,46.4,"Females","ICES.8.c.9.a","40.7038908128","Atlantic Ocean",16.9150999278025,16.4430090386883,16.2881921790005,11.6166551739084,11.639551365728,11.6989287440281,"South Stock","-8.56915950413333"
1996,36.3,"Females","ICES.8.c.9.a","40.7038908128","Atlantic Ocean",16.6332451131609,16.9150999278025,16.4430090386883,11.7112249502358,11.6166551739084,11.639551365728,"South Stock","-8.56915950413333"
1997,42.6,"Females","ICES.8.c.9.a","40.7038908128","Atlantic Ocean",17.2583349500606,16.6332451131609,16.9150999278025,11.730589203403,11.7112249502358,11.6166551739084,"South Stock","-8.56915950413333"
1998,39.8,"Females","ICES.8.c.9.a","40.7038908128","Atlantic Ocean",16.9822121493957,17.2583349500606,16.6332451131609,11.7674191945022,11.730589203403,11.7112249502358,"South Stock","-8.56915950413333"
1999,45.8,"Females","ICES.8.c.9.a","40.7038908128","Atlantic Ocean",16.8544325973473,16.9822121493957,17.2583349500606,11.7254028283994,11.7674191945022,11.730589203403,"South Stock","-8.56915950413333"
2000,42.3,"Females","ICES.8.c.9.a","40.7038908128","Atlantic Ocean",16.7180640565024,16.8544325973473,16.9822121493957,11.7545723611202,11.7254028283994,11.7674191945022,"South Stock","-8.56915950413333"
2001,44.8,"Females","ICES.8.c.9.a","40.7038908128","Atlantic Ocean",16.857168793055,16.7180640565024,16.8544325973473,11.7780886660447,11.7545723611202,11.7254028283994,"South Stock","-8.56915950413333"
2003,44.1,"Females","ICES.8.c.9.a","40.7038908128","Atlantic Ocean",17.0732423933503,16.7334764896654,16.857168793055,11.8365205330874,11.8649834542932,11.7780886660447,"South Stock","-8.56915950413333"
2004,48.5,"Females","ICES.8.c.9.a","40.7038908128","Atlantic Ocean",16.9565984615313,17.0732423933503,16.7334764896654,11.9028703233354,11.8365205330874,11.8649834542932,"South Stock","-8.56915950413333"
2005,43.6,"Females","ICES.8.c.9.a","40.7038908128","Atlantic Ocean",16.9697790839314,16.9565984615313,17.0732423933503,11.8730378111417,11.9028703233354,11.8365205330874,"South Stock","-8.56915950413333"
2006,43.4,"Females","ICES.8.c.9.a","40.7038908128","Atlantic Ocean",17.3346950379852,16.9697790839314,16.9565984615313,11.8314877916194,11.8730378111417,11.9028703233354,"South Stock","-8.56915950413333"
2007,46.1,"Females","ICES.8.c.9.a","40.7038908128","Atlantic Ocean",16.9440519290812,17.3346950379852,16.9697790839314,11.825124301043,11.8314877916194,11.8730378111417,"South Stock","-8.56915950413333"
2008,42.9,"Females","ICES.8.c.9.a","40.7038908128","Atlantic Ocean",16.9641556183497,16.9440519290812,17.3346950379852,11.8310389649056,11.825124301043,11.8314877916194,"South Stock","-8.56915950413333"
1982,36.9,"Combined","ICES.8.c.9.a","40.7038908128","Atlantic Ocean",16.4363265972511,16.2399734649783,16.2929438926036,11.5460232098897,11.5505600610087,11.5886284267283,"South Stock","-8.56915950413333"
1983,33.6,"Combined","ICES.8.c.9.a","40.7038908128","Atlantic Ocean",16.4186308533538,16.4363265972511,16.2399734649783,11.5458404755614,11.5460232098897,11.5505600610087,"South Stock","-8.56915950413333"
1984,37.3,"Combined","ICES.8.c.9.a","40.7038908128","Atlantic Ocean",16.1747055971545,16.4186308533538,16.4363265972511,11.6106381635832,11.5458404755614,11.5460232098897,"South Stock","-8.56915950413333"
1985,32.4,"Combined","ICES.8.c.9.a","40.7038908128","Atlantic Ocean",16.5485895773944,16.1747055971545,16.4186308533538,11.6189361169774,11.6106381635832,11.5458404755614,"South Stock","-8.56915950413333"
1986,36.2,"Combined","ICES.8.c.9.a","40.7038908128","Atlantic Ocean",16.0708767103993,16.5485895773944,16.1747055971545,11.5507874764422,11.6189361169774,11.6106381635832,"South Stock","-8.56915950413333"
1988,29.9,"Combined","ICES.8.c.9.a","40.7038908128","Atlantic Ocean",16.5561614895179,16.6762096383213,16.0708767103993,11.5324326766435,11.5363246565651,11.5507874764422,"South Stock","-8.56915950413333"
1989,35.8,"Combined","ICES.8.c.9.a","40.7038908128","Atlantic Ocean",17.0738646248587,16.5561614895179,16.6762096383213,11.5944013171512,11.5324326766435,11.5363246565651,"South Stock","-8.56915950413333"
1990,35.2,"Combined","ICES.8.c.9.a","40.7038908128","Atlantic Ocean",17.0093591076097,17.0738646248587,16.5561614895179,11.6387971928043,11.5944013171512,11.5324326766435,"South Stock","-8.56915950413333"
1991,33.9,"Combined","ICES.8.c.9.a","40.7038908128","Atlantic Ocean",16.2941223580853,17.0093591076097,17.0738646248587,11.6142000644651,11.6387971928043,11.5944013171512,"South Stock","-8.56915950413333"
1992,32.8,"Combined","ICES.8.c.9.a","40.7038908128","Atlantic Ocean",16.3517146445567,16.2941223580853,17.0093591076097,11.7155949337188,11.6142000644651,11.6387971928043,"South Stock","-8.56915950413333"
1994,35.8,"Combined","ICES.8.c.9.a","40.7038908128","Atlantic Ocean",16.4430090386883,16.2881921790005,16.3517146445567,11.639551365728,11.6989287440281,11.7155949337188,"South Stock","-8.56915950413333"
1995,36.9,"Combined","ICES.8.c.9.a","40.7038908128","Atlantic Ocean",16.9150999278025,16.4430090386883,16.2881921790005,11.6166551739084,11.639551365728,11.6989287440281,"South Stock","-8.56915950413333"
1996,32.9,"Combined","ICES.8.c.9.a","40.7038908128","Atlantic Ocean",16.6332451131609,16.9150999278025,16.4430090386883,11.7112249502358,11.6166551739084,11.639551365728,"South Stock","-8.56915950413333"
1997,34.4,"Combined","ICES.8.c.9.a","40.7038908128","Atlantic Ocean",17.2583349500606,16.6332451131609,16.9150999278025,11.730589203403,11.7112249502358,11.6166551739084,"South Stock","-8.56915950413333"
1998,35.2,"Combined","ICES.8.c.9.a","40.7038908128","Atlantic Ocean",16.9822121493957,17.2583349500606,16.6332451131609,11.7674191945022,11.730589203403,11.7112249502358,"South Stock","-8.56915950413333"
1999,30.2,"Combined","ICES.8.c.9.a","40.7038908128","Atlantic Ocean",16.8544325973473,16.9822121493957,17.2583349500606,11.7254028283994,11.7674191945022,11.730589203403,"South Stock","-8.56915950413333"
2000,37.3,"Combined","ICES.8.c.9.a","40.7038908128","Atlantic Ocean",16.7180640565024,16.8544325973473,16.9822121493957,11.7545723611202,11.7254028283994,11.7674191945022,"South Stock","-8.56915950413333"
2001,41.3,"Combined","ICES.8.c.9.a","40.7038908128","Atlantic Ocean",16.857168793055,16.7180640565024,16.8544325973473,11.7780886660447,11.7545723611202,11.7254028283994,"South Stock","-8.56915950413333"
2003,31.5,"Combined","ICES.8.c.9.a","40.7038908128","Atlantic Ocean",17.0732423933503,16.7334764896654,16.857168793055,11.8365205330874,11.8649834542932,11.7780886660447,"South Stock","-8.56915950413333"
2004,35.7,"Combined","ICES.8.c.9.a","40.7038908128","Atlantic Ocean",16.9565984615313,17.0732423933503,16.7334764896654,11.9028703233354,11.8365205330874,11.8649834542932,"South Stock","-8.56915950413333"
2005,35.6,"Combined","ICES.8.c.9.a","40.7038908128","Atlantic Ocean",16.9697790839314,16.9565984615313,17.0732423933503,11.8730378111417,11.9028703233354,11.8365205330874,"South Stock","-8.56915950413333"
2006,33.9,"Combined","ICES.8.c.9.a","40.7038908128","Atlantic Ocean",17.3346950379852,16.9697790839314,16.9565984615313,11.8314877916194,11.8730378111417,11.9028703233354,"South Stock","-8.56915950413333"
2007,42,"Combined","ICES.8.c.9.a","40.7038908128","Atlantic Ocean",16.9440519290812,17.3346950379852,16.9697790839314,11.825124301043,11.8314877916194,11.8730378111417,"South Stock","-8.56915950413333"
2008,35.5,"Combined","ICES.8.c.9.a","40.7038908128","Atlantic Ocean",16.9641556183497,16.9440519290812,17.3346950379852,11.8310389649056,11.825124301043,11.8314877916194,"South Stock","-8.56915950413333"
1980,39,"Males","ICES.8.c.9.a","40.7038908128","Atlantic Ocean",16.2929438926036,16.1633454168544,16.1048127249175,11.5886284267283,11.6264246600717,11.637808734531,"South Stock","-8.56915950413333"
1980,39,"Males","ICES.8.c.9.a","40.7038908128","Atlantic Ocean",16.2929438926036,16.1633454168544,16.1048127249175,11.5886284267283,11.6264246600717,11.637808734531,"South Stock","-8.56915950413333"
1980,35,"Males","ICES.8.c.9.a","40.7038908128","Atlantic Ocean",16.2929438926036,16.1633454168544,16.1048127249175,11.5886284267283,11.6264246600717,11.637808734531,"South Stock","-8.56915950413333"
1980,39,"Males","ICES.8.c.9.a","40.7038908128","Atlantic Ocean",16.2929438926036,16.1633454168544,16.1048127249175,11.5886284267283,11.6264246600717,11.637808734531,"South Stock","-8.56915950413333"
1980,39.5,"Males","ICES.8.c.9.a","40.7038908128","Atlantic Ocean",16.2929438926036,16.1633454168544,16.1048127249175,11.5886284267283,11.6264246600717,11.637808734531,"South Stock","-8.56915950413333"
1980,56,"Females","ICES.8.c.9.a","40.7038908128","Atlantic Ocean",16.2929438926036,16.1633454168544,16.1048127249175,11.5886284267283,11.6264246600717,11.637808734531,"South Stock","-8.56915950413333"
1980,56,"Females","ICES.8.c.9.a","40.7038908128","Atlantic Ocean",16.2929438926036,16.1633454168544,16.1048127249175,11.5886284267283,11.6264246600717,11.637808734531,"South Stock","-8.56915950413333"
1980,58,"Females","ICES.8.c.9.a","40.7038908128","Atlantic Ocean",16.2929438926036,16.1633454168544,16.1048127249175,11.5886284267283,11.6264246600717,11.637808734531,"South Stock","-8.56915950413333"
1980,58,"Females","ICES.8.c.9.a","40.7038908128","Atlantic Ocean",16.2929438926036,16.1633454168544,16.1048127249175,11.5886284267283,11.6264246600717,11.637808734531,"South Stock","-8.56915950413333"
1980,33.4,"Males","ICES.8.c.9.a","40.7038908128","Atlantic Ocean",16.2929438926036,16.1633454168544,16.1048127249175,11.5886284267283,11.6264246600717,11.637808734531,"South Stock","-8.56915950413333"
1980,44.1,"Females","ICES.8.c.9.a","40.7038908128","Atlantic Ocean",16.2929438926036,16.1633454168544,16.1048127249175,11.5886284267283,11.6264246600717,11.637808734531,"South Stock","-8.56915950413333"
1980,41.7,"Females","ICES.9.a","38.97015536","Atlantic Ocean",17.44903160544,17.1021062065573,17.1582939297545,12.4933555997828,12.5232490826678,12.5099010852075,"South Stock","-9.52751879"
2006,12.8,"Males","ICES.9.a","38.97015536","Atlantic Ocean",18.2912581247442,17.8990864286236,17.9309116672067,12.5118311118054,12.5690869874852,12.6357433155019,"South Stock","-9.52751879"
2006,32,"Females","ICES.9.a","38.97015536","Atlantic Ocean",18.2912581247442,17.8990864286236,17.9309116672067,12.5118311118054,12.5690869874852,12.6357433155019,"South Stock","-9.52751879"
2006,21.5,"Combined","ICES.9.a","38.97015536","Atlantic Ocean",18.2912581247442,17.8990864286236,17.9309116672067,12.5118311118054,12.5690869874852,12.6357433155019,"South Stock","-9.52751879"
1980,33,"Males","ICES.9.a","38.97015536","Atlantic Ocean",17.44903160544,17.1021062065573,17.1582939297545,12.4933555997828,12.5232490826678,12.5099010852075,"South Stock","-9.52751879"
1980,32,"Males","ICES.9.a","38.97015536","Atlantic Ocean",17.44903160544,17.1021062065573,17.1582939297545,12.4933555997828,12.5232490826678,12.5099010852075,"South Stock","-9.52751879"
1983,31.6,"Males","ICES.9.a","38.97015536","Atlantic Ocean",17.5219992936826,17.4896300119512,17.3355583443361,12.4281955995867,12.4397954940796,12.4590249138494,"South Stock","-9.52751879"
1984,28.6,"Males","ICES.9.a","38.97015536","Atlantic Ocean",17.2320614796059,17.5219992936826,17.4896300119512,12.479738925093,12.4281955995867,12.4397954940796,"South Stock","-9.52751879"
1987,27.5,"Males","ICES.9.a","38.97015536","Atlantic Ocean",17.8370335429323,17.1726640346004,17.664779770608,12.3533846998728,12.3633752817749,12.4419278611419,"South Stock","-9.52751879"
1981,37,"Males","ICES.9.a","38.97015536","Atlantic Ocean",17.3355583443361,17.44903160544,17.1021062065573,12.4590249138494,12.4933555997828,12.5232490826678,"South Stock","-9.52751879"
1982,36.5,"Males","ICES.9.a","38.97015536","Atlantic Ocean",17.4896300119512,17.3355583443361,17.44903160544,12.4397954940796,12.4590249138494,12.4933555997828,"South Stock","-9.52751879"
1983,32.5,"Males","ICES.9.a","38.97015536","Atlantic Ocean",17.5219992936826,17.4896300119512,17.3355583443361,12.4281955995867,12.4397954940796,12.4590249138494,"South Stock","-9.52751879"
1984,37,"Males","ICES.9.a","38.97015536","Atlantic Ocean",17.2320614796059,17.5219992936826,17.4896300119512,12.479738925093,12.4281955995867,12.4397954940796,"South Stock","-9.52751879"
1985,32,"Males","ICES.9.a","38.97015536","Atlantic Ocean",17.664779770608,17.2320614796059,17.5219992936826,12.4419278611419,12.479738925093,12.4281955995867,"South Stock","-9.52751879"
1959,57.7,"Females","ICES.9.a","38.97015536","Atlantic Ocean",17.4028400206099,17.2278235145644,17.2803582958147,12.7350366833389,12.6695680361922,NA,"South Stock","-9.52751879"
1980,49,"Females","ICES.9.a","38.97015536","Atlantic Ocean",17.44903160544,17.1021062065573,17.1582939297545,12.4933555997828,12.5232490826678,12.5099010852075,"South Stock","-9.52751879"
1980,49,"Females","ICES.9.a","38.97015536","Atlantic Ocean",17.44903160544,17.1021062065573,17.1582939297545,12.4933555997828,12.5232490826678,12.5099010852075,"South Stock","-9.52751879"
1983,55.5,"Females","ICES.9.a","38.97015536","Atlantic Ocean",17.5219992936826,17.4896300119512,17.3355583443361,12.4281955995867,12.4397954940796,12.4590249138494,"South Stock","-9.52751879"
1984,58,"Females","ICES.9.a","38.97015536","Atlantic Ocean",17.2320614796059,17.5219992936826,17.4896300119512,12.479738925093,12.4281955995867,12.4397954940796,"South Stock","-9.52751879"
1985,51,"Females","ICES.9.a","38.97015536","Atlantic Ocean",17.664779770608,17.2320614796059,17.5219992936826,12.4419278611419,12.479738925093,12.4281955995867,"South Stock","-9.52751879"
1981,49.5,"Females","ICES.9.a","38.97015536","Atlantic Ocean",17.3355583443361,17.44903160544,17.1021062065573,12.4590249138494,12.4933555997828,12.5232490826678,"South Stock","-9.52751879"
1982,47,"Females","ICES.9.a","38.97015536","Atlantic Ocean",17.4896300119512,17.3355583443361,17.44903160544,12.4397954940796,12.4590249138494,12.4933555997828,"South Stock","-9.52751879"
1983,46,"Females","ICES.9.a","38.97015536","Atlantic Ocean",17.5219992936826,17.4896300119512,17.3355583443361,12.4281955995867,12.4397954940796,12.4590249138494,"South Stock","-9.52751879"
1984,45,"Females","ICES.9.a","38.97015536","Atlantic Ocean",17.2320614796059,17.5219992936826,17.4896300119512,12.479738925093,12.4281955995867,12.4397954940796,"South Stock","-9.52751879"
1985,47,"Females","ICES.9.a","38.97015536","Atlantic Ocean",17.664779770608,17.2320614796059,17.5219992936826,12.4419278611419,12.479738925093,12.4281955995867,"South Stock","-9.52751879"
1982,39,"Combined","ICES.9.a","38.97015536","Atlantic Ocean",17.4896300119512,17.3355583443361,17.44903160544,12.4397954940796,12.4590249138494,12.4933555997828,"South Stock","-9.52751879"
1980,55.5,"Females","ICES.9.a","38.97015536","Atlantic Ocean",17.44903160544,17.1021062065573,17.1582939297545,12.4933555997828,12.5232490826678,12.5099010852075,"South Stock","-9.52751879"
1982,51,"Females","ICES.9.a","38.97015536","Atlantic Ocean",17.4896300119512,17.3355583443361,17.44903160544,12.4397954940796,12.4590249138494,12.4933555997828,"South Stock","-9.52751879"
1983,46,"Females","ICES.9.a","38.97015536","Atlantic Ocean",17.5219992936826,17.4896300119512,17.3355583443361,12.4281955995867,12.4397954940796,12.4590249138494,"South Stock","-9.52751879"
1984,43.5,"Females","ICES.9.a","38.97015536","Atlantic Ocean",17.2320614796059,17.5219992936826,17.4896300119512,12.479738925093,12.4281955995867,12.4397954940796,"South Stock","-9.52751879"
1985,45,"Females","ICES.9.a","38.97015536","Atlantic Ocean",17.664779770608,17.2320614796059,17.5219992936826,12.4419278611419,12.479738925093,12.4281955995867,"South Stock","-9.52751879"
1986,43.5,"Females","ICES.9.a","38.97015536","Atlantic Ocean",17.1726640346004,17.664779770608,17.2320614796059,12.3633752817749,12.4419278611419,12.479738925093,"South Stock","-9.52751879"
1987,40.5,"Females","ICES.9.a","38.97015536","Atlantic Ocean",17.8370335429323,17.1726640346004,17.664779770608,12.3533846998728,12.3633752817749,12.4419278611419,"South Stock","-9.52751879"
1988,39.5,"Females","ICES.9.a","38.97015536","Atlantic Ocean",17.5982125833923,17.8370335429323,17.1726640346004,12.3304035689241,12.3533846998728,12.3633752817749,"South Stock","-9.52751879"
1989,42,"Females","ICES.9.a","38.97015536","Atlantic Ocean",18.0309711203856,17.5982125833923,17.8370335429323,12.3991936458054,12.3304035689241,12.3533846998728,"South Stock","-9.52751879"
1990,43.5,"Females","ICES.9.a","38.97015536","Atlantic Ocean",17.9319293171752,18.0309711203856,17.5982125833923,12.417967337434,12.3991936458054,12.3304035689241,"South Stock","-9.52751879"
1991,42,"Females","ICES.9.a","38.97015536","Atlantic Ocean",17.3431900155311,17.9319293171752,18.0309711203856,12.451419497049,12.417967337434,12.3991936458054,"South Stock","-9.52751879"
1992,44,"Females","ICES.9.a","38.97015536","Atlantic Ocean",17.2992816111621,17.3431900155311,17.9319293171752,12.5885830745902,12.451419497049,12.417967337434,"South Stock","-9.52751879"
1993,44,"Females","ICES.9.a","38.97015536","Atlantic Ocean",17.249827113806,17.2992816111621,17.3431900155311,12.5476463379399,12.5885830745902,12.451419497049,"South Stock","-9.52751879"
1994,46,"Females","ICES.9.a","38.97015536","Atlantic Ocean",17.3462667278215,17.249827113806,17.2992816111621,12.4803161210911,12.5476463379399,12.5885830745902,"South Stock","-9.52751879"
1995,47,"Females","ICES.9.a","38.97015536","Atlantic Ocean",17.9692695187588,17.3462667278215,17.249827113806,12.4542139960874,12.4803161210911,12.5476463379399,"South Stock","-9.52751879"
1996,48,"Females","ICES.9.a","38.97015536","Atlantic Ocean",17.6737348238627,17.9692695187588,17.3462667278215,12.5723177463778,12.4542139960874,12.4803161210911,"South Stock","-9.52751879"
1997,51,"Females","ICES.9.a","38.97015536","Atlantic Ocean",18.3566414000941,17.6737348238627,17.9692695187588,12.5867231866365,12.5723177463778,12.4542139960874,"South Stock","-9.52751879"
1998,53,"Females","ICES.9.a","38.97015536","Atlantic Ocean",17.9246296789132,18.3566414000941,17.6737348238627,12.6060624327711,12.5867231866365,12.5723177463778,"South Stock","-9.52751879"
1999,47,"Females","ICES.9.a","38.97015536","Atlantic Ocean",17.7861497215196,17.9246296789132,18.3566414000941,12.5514277412045,12.6060624327711,12.5867231866365,"South Stock","-9.52751879"
2000,46,"Females","ICES.9.a","38.97015536","Atlantic Ocean",17.6834348042806,17.7861497215196,17.9246296789132,12.5882487450877,12.5514277412045,12.6060624327711,"South Stock","-9.52751879"
2001,48,"Females","ICES.9.a","38.97015536","Atlantic Ocean",17.7713788443921,17.6834348042806,17.7861497215196,12.6060361041818,12.5882487450877,12.5514277412045,"South Stock","-9.52751879"
2002,46,"Females","ICES.9.a","38.97015536","Atlantic Ocean",17.7330336290247,17.7713788443921,17.6834348042806,12.6722958318649,12.6060361041818,12.5882487450877,"South Stock","-9.52751879"
2003,47.5,"Females","ICES.9.a","38.97015536","Atlantic Ocean",17.9484526035832,17.7330336290247,17.7713788443921,12.5994441714338,12.6722958318649,12.6060361041818,"South Stock","-9.52751879"
2004,46.5,"Females","ICES.9.a","38.97015536","Atlantic Ocean",17.9309116672067,17.9484526035832,17.7330336290247,12.6357433155019,12.5994441714338,12.6722958318649,"South Stock","-9.52751879"
2001,28.57,"Males","Morocco","31","Atlantic Ocean",20.1757934679065,19.7681273619334,19.8909699205767,15.5332059065501,15.6585878630479,15.4987594266733,"South Stock","-11"
2001,33.84,"Females","Morocco","31","Atlantic Ocean",20.1757934679065,19.7681273619334,19.8909699205767,15.5332059065501,15.6585878630479,15.4987594266733,"South Stock","-11"
2019,24.85,"Males","Morocco","31","Atlantic Ocean",20.0689606122803,19.7676853715328,20.41789064491,14.1496712803841,14.0984757900238,14.4920287350814,"South Stock","-11"
2019,29.69,"Females","Morocco","31","Atlantic Ocean",20.0689606122803,19.7676853715328,20.41789064491,14.1496712803841,14.0984757900238,14.4920287350814,"South Stock","-11"
1995,33.6,"Combined","GSA3","35.597422","Mediterranean Sea",18.8699825869666,18.5069702201419,18.0676985581716,13.4656797333768,13.4750191537957,13.5678010196017,"Western Mediterranean","-3.757863"
1987,21.5,"Males","GSA4","37.161605","Mediterranean Sea",19.192186097304,19.0274868077702,19.2109787530369,13.5055789069126,13.5520130751426,13.595399095301,"Western Mediterranean","3.159008"
1987,30.6,"Females","GSA4","37.161605","Mediterranean Sea",19.192186097304,19.0274868077702,19.2109787530369,13.5055789069126,13.5520130751426,13.595399095301,"Western Mediterranean","3.159008"
2017,20.5,"Males","GSA4","37.161605","Mediterranean Sea",20.119527220726,19.9959655205409,20.0976842774285,13.7697971494574,13.6895674488001,13.7380825218402,"Western Mediterranean","3.159008"
2017,33.5,"Females","GSA4","37.161605","Mediterranean Sea",20.119527220726,19.9959655205409,20.0976842774285,13.7697971494574,13.6895674488001,13.7380825218402,"Western Mediterranean","3.159008"
2021,14.78,"Combined","GSA4","37.161605","Mediterranean Sea",19.8068373534414,19.9869493378533,19.9134073985947,13.903816771089,13.8197963070451,13.7695684851262,"Western Mediterranean","3.159008"
1977,27,"Males","GSA5","39.171514","Mediterranean Sea",18.5655373908855,18.7188457736262,18.8531871195193,13.1938059012095,13.1100807931688,13.0835240999857,"Western Mediterranean","3.482882"
1977,34.5,"Females","GSA5","39.171514","Mediterranean Sea",18.5655373908855,18.7188457736262,18.8531871195193,13.1938059012095,13.1100807931688,13.0835240999857,"Western Mediterranean","3.482882"
1980,27.6,"Males","GSA5","39.171514","Mediterranean Sea",18.5931572296001,18.8463669176455,18.5064469884943,13.1509976651934,13.1187608242035,13.1209114180671,"Western Mediterranean","3.482882"
1980,36.3,"Females","GSA5","39.171514","Mediterranean Sea",18.5931572296001,18.8463669176455,18.5064469884943,13.1509976651934,13.1187608242035,13.1209114180671,"Western Mediterranean","3.482882"
1990,27,"Males","GSA5","39.171514","Mediterranean Sea",19.7790752870065,19.5631903983929,19.3766021640212,13.18253264957,13.0258710437351,13.0212842570411,"Western Mediterranean","3.482882"
1990,36,"Females","GSA5","39.171514","Mediterranean Sea",19.7790752870065,19.5631903983929,19.3766021640212,13.18253264957,13.0258710437351,13.0212842570411,"Western Mediterranean","3.482882"
1981,29.9,"Males","GSA5","39.171514","Mediterranean Sea",18.7261983995085,18.5931572296001,18.8463669176455,13.0862525092231,13.1509976651934,13.1187608242035,"Western Mediterranean","3.482882"
1981,27,"Males","GSA5","39.171514","Mediterranean Sea",18.7261983995085,18.5931572296001,18.8463669176455,13.0862525092231,13.1509976651934,13.1187608242035,"Western Mediterranean","3.482882"
1981,23,"Males","GSA5","39.171514","Mediterranean Sea",18.7261983995085,18.5931572296001,18.8463669176455,13.0862525092231,13.1509976651934,13.1187608242035,"Western Mediterranean","3.482882"
1981,26,"Males","GSA5","39.171514","Mediterranean Sea",18.7261983995085,18.5931572296001,18.8463669176455,13.0862525092231,13.1509976651934,13.1187608242035,"Western Mediterranean","3.482882"
1982,32,"Males","GSA5","39.171514","Mediterranean Sea",19.2764754913471,18.7261983995085,18.5931572296001,13.0481069405874,13.0862525092231,13.1509976651934,"Western Mediterranean","3.482882"
1982,36,"Males","GSA5","39.171514","Mediterranean Sea",19.2764754913471,18.7261983995085,18.5931572296001,13.0481069405874,13.0862525092231,13.1509976651934,"Western Mediterranean","3.482882"
1982,24,"Males","GSA5","39.171514","Mediterranean Sea",19.2764754913471,18.7261983995085,18.5931572296001,13.0481069405874,13.0862525092231,13.1509976651934,"Western Mediterranean","3.482882"
1983,28,"Males","GSA5","39.171514","Mediterranean Sea",19.0328892866771,19.2764754913471,18.7261983995085,13.0683011319902,13.0481069405874,13.0862525092231,"Western Mediterranean","3.482882"
1983,26.5,"Males","GSA5","39.171514","Mediterranean Sea",19.0328892866771,19.2764754913471,18.7261983995085,13.0683011319902,13.0481069405874,13.0862525092231,"Western Mediterranean","3.482882"
1983,26,"Males","GSA5","39.171514","Mediterranean Sea",19.0328892866771,19.2764754913471,18.7261983995085,13.0683011319902,13.0481069405874,13.0862525092231,"Western Mediterranean","3.482882"
1984,34,"Males","GSA5","39.171514","Mediterranean Sea",18.4222400276749,19.0328892866771,19.2764754913471,13.0840567006005,13.0683011319902,13.0481069405874,"Western Mediterranean","3.482882"
1984,28,"Males","GSA5","39.171514","Mediterranean Sea",18.4222400276749,19.0328892866771,19.2764754913471,13.0840567006005,13.0683011319902,13.0481069405874,"Western Mediterranean","3.482882"
1984,24.1,"Males","GSA5","39.171514","Mediterranean Sea",18.4222400276749,19.0328892866771,19.2764754913471,13.0840567006005,13.0683011319902,13.0481069405874,"Western Mediterranean","3.482882"
1984,20,"Males","GSA5","39.171514","Mediterranean Sea",18.4222400276749,19.0328892866771,19.2764754913471,13.0840567006005,13.0683011319902,13.0481069405874,"Western Mediterranean","3.482882"
1985,23,"Males","GSA5","39.171514","Mediterranean Sea",19.1554869987346,18.4222400276749,19.0328892866771,13.1004314422607,13.0840567006005,13.0683011319902,"Western Mediterranean","3.482882"
1985,32,"Males","GSA5","39.171514","Mediterranean Sea",19.1554869987346,18.4222400276749,19.0328892866771,13.1004314422607,13.0840567006005,13.0683011319902,"Western Mediterranean","3.482882"
1985,26.9,"Males","GSA5","39.171514","Mediterranean Sea",19.1554869987346,18.4222400276749,19.0328892866771,13.1004314422607,13.0840567006005,13.0683011319902,"Western Mediterranean","3.482882"
1985,28,"Males","GSA5","39.171514","Mediterranean Sea",19.1554869987346,18.4222400276749,19.0328892866771,13.1004314422607,13.0840567006005,13.0683011319902,"Western Mediterranean","3.482882"
1986,32,"Males","GSA5","39.171514","Mediterranean Sea",19.0517158684907,19.1554869987346,18.4222400276749,13.0415470865038,13.1004314422607,13.0840567006005,"Western Mediterranean","3.482882"
1986,28,"Males","GSA5","39.171514","Mediterranean Sea",19.0517158684907,19.1554869987346,18.4222400276749,13.0415470865038,13.1004314422607,13.0840567006005,"Western Mediterranean","3.482882"
1986,34,"Males","GSA5","39.171514","Mediterranean Sea",19.0517158684907,19.1554869987346,18.4222400276749,13.0415470865038,13.1004314422607,13.0840567006005,"Western Mediterranean","3.482882"
1980,36,"Females","GSA5","39.171514","Mediterranean Sea",18.5931572296001,18.8463669176455,18.5064469884943,13.1509976651934,13.1187608242035,13.1209114180671,"Western Mediterranean","3.482882"
1980,36,"Females","GSA5","39.171514","Mediterranean Sea",18.5931572296001,18.8463669176455,18.5064469884943,13.1509976651934,13.1187608242035,13.1209114180671,"Western Mediterranean","3.482882"
1981,36,"Females","GSA5","39.171514","Mediterranean Sea",18.7261983995085,18.5931572296001,18.8463669176455,13.0862525092231,13.1509976651934,13.1187608242035,"Western Mediterranean","3.482882"
1981,34,"Females","GSA5","39.171514","Mediterranean Sea",18.7261983995085,18.5931572296001,18.8463669176455,13.0862525092231,13.1509976651934,13.1187608242035,"Western Mediterranean","3.482882"
1981,34,"Females","GSA5","39.171514","Mediterranean Sea",18.7261983995085,18.5931572296001,18.8463669176455,13.0862525092231,13.1509976651934,13.1187608242035,"Western Mediterranean","3.482882"
1981,38.5,"Females","GSA5","39.171514","Mediterranean Sea",18.7261983995085,18.5931572296001,18.8463669176455,13.0862525092231,13.1509976651934,13.1187608242035,"Western Mediterranean","3.482882"
1982,37,"Females","GSA5","39.171514","Mediterranean Sea",19.2764754913471,18.7261983995085,18.5931572296001,13.0481069405874,13.0862525092231,13.1509976651934,"Western Mediterranean","3.482882"
1982,30.5,"Females","GSA5","39.171514","Mediterranean Sea",19.2764754913471,18.7261983995085,18.5931572296001,13.0481069405874,13.0862525092231,13.1509976651934,"Western Mediterranean","3.482882"
1983,34.5,"Females","GSA5","39.171514","Mediterranean Sea",19.0328892866771,19.2764754913471,18.7261983995085,13.0683011319902,13.0481069405874,13.0862525092231,"Western Mediterranean","3.482882"
1983,32,"Females","GSA5","39.171514","Mediterranean Sea",19.0328892866771,19.2764754913471,18.7261983995085,13.0683011319902,13.0481069405874,13.0862525092231,"Western Mediterranean","3.482882"
1983,36,"Females","GSA5","39.171514","Mediterranean Sea",19.0328892866771,19.2764754913471,18.7261983995085,13.0683011319902,13.0481069405874,13.0862525092231,"Western Mediterranean","3.482882"
1983,35.9,"Females","GSA5","39.171514","Mediterranean Sea",19.0328892866771,19.2764754913471,18.7261983995085,13.0683011319902,13.0481069405874,13.0862525092231,"Western Mediterranean","3.482882"
1984,34,"Females","GSA5","39.171514","Mediterranean Sea",18.4222400276749,19.0328892866771,19.2764754913471,13.0840567006005,13.0683011319902,13.0481069405874,"Western Mediterranean","3.482882"
1984,34,"Females","GSA5","39.171514","Mediterranean Sea",18.4222400276749,19.0328892866771,19.2764754913471,13.0840567006005,13.0683011319902,13.0481069405874,"Western Mediterranean","3.482882"
1984,44.1,"Females","GSA5","39.171514","Mediterranean Sea",18.4222400276749,19.0328892866771,19.2764754913471,13.0840567006005,13.0683011319902,13.0481069405874,"Western Mediterranean","3.482882"
1984,41.9,"Females","GSA5","39.171514","Mediterranean Sea",18.4222400276749,19.0328892866771,19.2764754913471,13.0840567006005,13.0683011319902,13.0481069405874,"Western Mediterranean","3.482882"
1985,36.2,"Females","GSA5","39.171514","Mediterranean Sea",19.1554869987346,18.4222400276749,19.0328892866771,13.1004314422607,13.0840567006005,13.0683011319902,"Western Mediterranean","3.482882"
1985,38.1,"Females","GSA5","39.171514","Mediterranean Sea",19.1554869987346,18.4222400276749,19.0328892866771,13.1004314422607,13.0840567006005,13.0683011319902,"Western Mediterranean","3.482882"
1985,44,"Females","GSA5","39.171514","Mediterranean Sea",19.1554869987346,18.4222400276749,19.0328892866771,13.1004314422607,13.0840567006005,13.0683011319902,"Western Mediterranean","3.482882"
1985,38.1,"Females","GSA5","39.171514","Mediterranean Sea",19.1554869987346,18.4222400276749,19.0328892866771,13.1004314422607,13.0840567006005,13.0683011319902,"Western Mediterranean","3.482882"
1986,36,"Females","GSA5","39.171514","Mediterranean Sea",19.0517158684907,19.1554869987346,18.4222400276749,13.0415470865038,13.1004314422607,13.0840567006005,"Western Mediterranean","3.482882"
1986,34.5,"Females","GSA5","39.171514","Mediterranean Sea",19.0517158684907,19.1554869987346,18.4222400276749,13.0415470865038,13.1004314422607,13.0840567006005,"Western Mediterranean","3.482882"
1986,37.9,"Females","GSA5","39.171514","Mediterranean Sea",19.0517158684907,19.1554869987346,18.4222400276749,13.0415470865038,13.1004314422607,13.0840567006005,"Western Mediterranean","3.482882"
1986,36,"Females","GSA5","39.171514","Mediterranean Sea",19.0517158684907,19.1554869987346,18.4222400276749,13.0415470865038,13.1004314422607,13.0840567006005,"Western Mediterranean","3.482882"
1997,35.8,"Females","GSA6","40.256256","Mediterranean Sea",19.1367302311791,18.5669350306193,18.825366724862,13.541555527846,13.4267849445343,13.3485618511836,"Western Mediterranean","2.349499"
1954,21,"Males","GSA6","40.256256","Mediterranean Sea",18.2595378822751,18.76106572681,18.8183772087097,NA,NA,NA,"Western Mediterranean","2.349499"
1954,24,"Females","GSA6","40.256256","Mediterranean Sea",18.2595378822751,18.76106572681,18.8183772087097,NA,NA,NA,"Western Mediterranean","2.349499"
1963,24.3,"Males","GSA6","40.256256","Mediterranean Sea",18.5001895798577,18.836148209042,19.0837255636851,13.3611225485802,13.5161971012751,13.3881235917409,"Western Mediterranean","2.349499"
1963,32.2,"Males","GSA6","40.256256","Mediterranean Sea",18.5001895798577,18.836148209042,19.0837255636851,13.3611225485802,13.5161971012751,13.3881235917409,"Western Mediterranean","2.349499"
1981,35,"Males","GSA6","40.256256","Mediterranean Sea",18.3171141359541,18.092683702045,18.3496532970005,13.6233841856321,13.6411208589872,13.6023744384448,"Western Mediterranean","2.349499"
1981,40,"Females","GSA6","40.256256","Mediterranean Sea",18.3171141359541,18.092683702045,18.3496532970005,13.6233841856321,13.6411208589872,13.6023744384448,"Western Mediterranean","2.349499"
1981,32,"Males","GSA6","40.256256","Mediterranean Sea",18.3171141359541,18.092683702045,18.3496532970005,13.6233841856321,13.6411208589872,13.6023744384448,"Western Mediterranean","2.349499"
1981,39,"Females","GSA6","40.256256","Mediterranean Sea",18.3171141359541,18.092683702045,18.3496532970005,13.6233841856321,13.6411208589872,13.6023744384448,"Western Mediterranean","2.349499"
1991,25,"Males","GSA6","40.256256","Mediterranean Sea",18.3859781742096,19.2556770271725,19.122639131546,13.6141085426013,13.6962165196737,13.4722969690959,"Western Mediterranean","2.349499"
1991,31,"Females","GSA6","40.256256","Mediterranean Sea",18.3859781742096,19.2556770271725,19.122639131546,13.6141085426013,13.6962165196737,13.4722969690959,"Western Mediterranean","2.349499"
1991,27,"Combined","GSA6","40.256256","Mediterranean Sea",18.3859781742096,19.2556770271725,19.122639131546,13.6141085426013,13.6962165196737,13.4722969690959,"Western Mediterranean","2.349499"
1989,28.8,"Males","GSA6","40.256256","Mediterranean Sea",19.122639131546,18.9360915925768,18.6664570649465,13.4722969690959,13.4766633113225,13.4427875717481,"Western Mediterranean","2.349499"
1989,38,"Females","GSA6","40.256256","Mediterranean Sea",19.122639131546,18.9360915925768,18.6664570649465,13.4722969690959,13.4766633113225,13.4427875717481,"Western Mediterranean","2.349499"
1998,35.3,"Females","GSA9","42.715449","Mediterranean Sea",18.1669660011927,18.260191626019,18.0538932217492,14.2157753726892,14.1642600109703,14.1164753562526,"Western Mediterranean","10.108689"
1992,21.7,"Males","GSA9","42.715449","Mediterranean Sea",18.244550175137,17.8464937739902,18.4082409143448,14.1784563441026,14.2267085292883,14.1909430194319,"Western Mediterranean","10.108689"
1992,35.9,"Females","GSA9","42.715449","Mediterranean Sea",18.244550175137,17.8464937739902,18.4082409143448,14.1784563441026,14.2267085292883,14.1909430194319,"Western Mediterranean","10.108689"
2007,33.03,"Females","GSA10","39.537098","Mediterranean Sea",19.6254921129771,19.7245524156661,19.508492957978,14.2060364127159,14.0999433040619,14.2475521485011,"Western Mediterranean","13.229163"
2009,31.4,"Females","GSA10","39.537098","Mediterranean Sea",19.726729631424,19.5401536566871,19.6254921129771,14.3794589479764,14.3628132899602,14.2060364127159,"Western Mediterranean","13.229163"
2014,34,"Females","GSA10","39.537098","Mediterranean Sea",20.0868916795367,19.7814755553291,20.2454486801511,14.390822827816,14.3132297476133,14.3488927841186,"Western Mediterranean","13.229163"
2019,20.74,"Males","GSA17","43.601424","Mediterranean Sea",18.9258863042902,19.311302167398,18.6899911121086,14.2088380076669,14.1542590621746,14.1498032699932,"Central Mediterranean","14.805256"
2019,22.38,"Females","GSA17","43.601424","Mediterranean Sea",18.9258863042902,19.311302167398,18.6899911121086,14.2088380076669,14.1542590621746,14.1498032699932,"Central Mediterranean","14.805256"
2013,33.73,"Females","GSA17","43.601424","Mediterranean Sea",18.7307476997375,19.3933493737821,19.0323716799418,13.736375738274,13.5899827227448,13.6256263906306,"Central Mediterranean","14.805256"
1972,29.5,"Males","GSA1718","42.7601191262136","Mediterranean Sea",18.0192752491545,18.143685941343,18.1111974561656,13.4324422083479,13.3780272378344,13.4188334960648,"Central Mediterranean","16.0217112621359"
1972,29.5,"Males","GSA1718","42.7601191262136","Mediterranean Sea",18.0192752491545,18.143685941343,18.1111974561656,13.4324422083479,13.3780272378344,13.4188334960648,"Central Mediterranean","16.0217112621359"
2009,31.95,"Females","GSA18","41.321045","Mediterranean Sea",18.7349613904953,18.5423805316289,18.8816429376602,14.14672844251,14.1356028461456,14.0420983854929,"Central Mediterranean","18.10249"
2011,30.8,"Females","GSA18","41.321045","Mediterranean Sea",19.464208304882,18.7827711900075,18.7349613904953,14.2454907162984,14.1864717706044,14.14672844251,"Central Mediterranean","18.10249"
2013,33.1,"Females","GSA18","41.321045","Mediterranean Sea",19.2266615430514,19.8282756606738,19.464208304882,14.3731857077281,14.0832642904917,14.2454907162984,"Central Mediterranean","18.10249"
2007,32.94,"Females","GSA19","37.290495","Mediterranean Sea",20.2133069088062,20.2907454619805,20.0799342145522,14.1549415538708,14.0962652911743,14.2215732733409,"Central Mediterranean","17.406344"
2010,32,"Females","GSA19","37.290495","Mediterranean Sea",20.1132630705834,20.1899925569693,20.0345758895079,14.2071998765071,14.2263797124227,14.2601300428311,"Central Mediterranean","17.406344"
2013,37.8,"Females","GSA19","37.290495","Mediterranean Sea",20.3792230784893,20.8937697360913,20.6244398802519,14.3074112484852,14.2104501326879,14.2445228993893,"Central Mediterranean","17.406344"
1972,29,"Males","GSA21","33.246418","Mediterranean Sea",20.3079908127878,20.5086374633453,20.5411656674217,14.2938013709236,14.3159121705599,14.2893390555656,"Central Mediterranean","18.693902"
1972,26.5,"Females","GSA21","33.246418","Mediterranean Sea",20.3079908127878,20.5086374633453,20.5411656674217,14.2938013709236,14.3159121705599,14.2893390555656,"Central Mediterranean","18.693902"
2004,25.65,"Males","GSA22","37.395905","Mediterranean Sea",19.625223272886,19.927952561623,19.9029698402454,15.2028683899764,15.1966652510234,15.5606856068153,"Eastern Medterranean","25.840903"
2004,21.49,"Females","GSA22","37.395905","Mediterranean Sea",19.625223272886,19.927952561623,19.9029698402454,15.2028683899764,15.1966652510234,15.5606856068153,"Eastern Medterranean","25.840903"
2017,34.4,"Females","GSA26","32.674722","Mediterranean Sea",21.7811140952966,22.0966469752483,22.1025498830355,15.5723351880356,15.3287270510638,15.6228828253569,"Eastern Medterranean","29.820463"
2005,32.5,"Females","GSA26","32.674722","Mediterranean Sea",21.6805192323831,21.5505786981338,21.7687451350383,15.2647267668335,15.4935377438863,15.6919300975623,"Eastern Medterranean","29.820463"
2014,22.5,"Males","GSA28","40.675784","Mediterranean Sea",17.099049448967,16.8335936466853,17.1955224871635,15.2781353791555,15.1142666339874,14.5131204922994,"Eastern Medterranean","28.160115"
2014,29.9,"Females","GSA28","40.675784","Mediterranean Sea",17.099049448967,16.8335936466853,17.1955224871635,15.2781353791555,15.1142666339874,14.5131204922994,"Eastern Medterranean","28.160115"
2016,22,"Males","GSA28","40.675784","Mediterranean Sea",17.0893793106079,17.0480718215307,17.099049448967,15.1939853827159,14.8722248077393,15.2781353791555,"Eastern Medterranean","28.160115"
2016,26.5,"Females","GSA28","40.675784","Mediterranean Sea",17.0893793106079,17.0480718215307,17.099049448967,15.1939853827159,14.8722248077393,15.2781353791555,"Eastern Medterranean","28.160115"
